rotor_deg,raw_proxy_nm,raw_rotor_fy_n,raw_rotor_fz_n
0.0,0.0008212985859545745,0.019724314812512727,-0.007676042494283846
0.5,0.0008218872429201074,0.019693827158931282,-0.007664559186409659
1.0,0.0008218787980498413,0.01969201112149851,-0.007627949283006797
1.5,0.000823185131575529,0.01969338270286759,-0.007614820787546168
2.0,0.0008210252005175458,0.01970687973684383,-0.007630731590461017
2.5,0.0008187323637717908,0.0197453295695464,-0.007697000015248158
3.0,0.0008193780412221712,0.01972668547377373,-0.007699733605718156
3.5,0.0008195535846117625,0.01972304347265174,-0.007687080666654101
4.0,0.000822237612138477,0.019730317901550314,-0.0077069625643550865
4.5,0.0008226332404223218,0.01973374818208005,-0.007694494035184232
5.0,0.0008225958049740885,0.019738569478783566,-0.007710690885418951
5.5,0.0008215332416676878,0.019729582039135357,-0.007686553778811294
6.0,0.0008223861853428389,0.01974624671400108,-0.007718828325735851
6.5,0.0008206244483792378,0.019729760156609145,-0.0077296927476660435
7.0,0.0008205674248141318,0.019719856890835042,-0.007747274841985594
7.5,0.0008198876230758664,0.019725381030825332,-0.007735937209677659
8.0,0.0008209015199677416,0.0197437269538444,-0.007760773548478834
8.5,0.0008202692519486965,0.019740603879440936,-0.007758026763079146
9.0,0.0008185279309275332,0.019720577003151565,-0.007770494178472186
9.5,0.0008188155290509092,0.01972429688972198,-0.0077970930446863975
10.0,0.0008183061573076939,0.019713211601519943,-0.007789066201821581
10.5,0.0008188073794532559,0.01973612814505126,-0.007779728967320461
11.0,0.0008177603590201431,0.01970175353526237,-0.007814878923254763
11.5,0.0008174596619963446,0.019708824088471487,-0.007816777121254816
12.0,0.0008154714642547876,0.019691613037772653,-0.007821177028885502
12.5,0.00081569388260832,0.01969479922374142,-0.007842600642471805
13.0,0.0008150543460723211,0.019706166308200965,-0.007833033637004347
13.5,0.0008135021427504676,0.019702440397996467,-0.007845057463821248
14.0,0.0008126728756097645,0.019693474362100123,-0.007838331553136508
14.5,0.0008140070006532375,0.019721142997245495,-0.007837822734619922
15.0,0.0008138042189372786,0.0197212771253964,-0.007830835099132686
15.5,0.0008142058571090168,0.019709729015335856,-0.007835424292173872
16.0,0.000814216567794928,0.01975065555615409,-0.007792445994490661
16.5,0.0008136712023879182,0.019737438387486584,-0.007785294024499671
17.0,0.0008149143980703225,0.01976489212990774,-0.0077839727388681465
17.5,0.0008152746051937218,0.019757534516154477,-0.0077817096211582615
18.0,0.0008153189842589207,0.019744048199046165,-0.007775980608455824
18.5,0.0008157412575372535,0.019742580733983703,-0.007756716725299479
19.0,0.0008170977876060368,0.01976129530044481,-0.007739793320198426
19.5,0.0008173706143266962,0.019745487398472022,-0.007743053248161155
20.0,0.0008181715098200878,0.01973162169930959,-0.00773426058441706
20.5,0.0008176768219213068,0.019729543244241143,-0.007714096427704853
21.0,0.000817971974369759,0.019716493218839354,-0.007711755537859001
21.5,0.0008193564282402634,0.01972752047566864,-0.007694374563529328
22.0,0.0008198156863156434,0.019734928297796106,-0.007675351949101525
22.5,0.0008212985859545745,0.019724314812512727,-0.007676042494283846
23.0,0.0008218872429201074,0.019693827158931282,-0.007664559186409659
23.5,0.0008218787980498413,0.01969201112149851,-0.007627949283006797
24.0,0.000823185131575529,0.01969338270286759,-0.007614820787546168
24.5,0.0008210252005175458,0.01970687973684383,-0.007630731590461017
25.0,0.0008187323637717908,0.0197453295695464,-0.007697000015248158
25.5,0.0008193780412221712,0.01972668547377373,-0.007699733605718156
26.0,0.0008195535846117625,0.019723043472651743,-0.007687080666654101
26.5,0.000822237612138477,0.019730317901550314,-0.0077069625643550865
27.0,0.0008226332404223218,0.01973374818208005,-0.007694494035184232
27.5,0.0008225958049740885,0.019738569478783566,-0.007710690885418951
28.0,0.0008215332416676878,0.019729582039135357,-0.007686553778811294
28.5,0.0008223861853428389,0.01974624671400108,-0.007718828325735851
29.0,0.0008206244483792378,0.019729760156609145,-0.0077296927476660435
29.5,0.0008205674248141318,0.019719856890835042,-0.007747274841985594
30.0,0.0008198876230758664,0.019725381030825332,-0.007735937209677659
30.5,0.0008209015199677416,0.0197437269538444,-0.007760773548478834
31.0,0.0008202692519486965,0.019740603879440936,-0.007758026763079146
31.5,0.0008185279309275332,0.019720577003151565,-0.007770494178472186
32.0,0.0008188155290509092,0.01972429688972198,-0.0077970930446863975
32.5,0.0008183061573076939,0.019713211601519943,-0.007789066201821581
33.0,0.0008188073794532559,0.01973612814505126,-0.007779728967320461
33.5,0.0008177603590201431,0.01970175353526237,-0.007814878923254763
34.0,0.0008174596619963446,0.019708824088471487,-0.007816777121254816
34.5,0.0008154714642547876,0.019691613037772653,-0.007821177028885502
35.0,0.00081569388260832,0.01969479922374142,-0.007842600642471805
35.5,0.0008150543460723211,0.019706166308200965,-0.007833033637004347
36.0,0.0008135021427504676,0.019702440397996467,-0.007845057463821248
36.5,0.0008126728756097645,0.01969347436210012,-0.007838331553136508
37.0,0.0008140070006532375,0.019721142997245495,-0.007837822734619922
37.5,0.0008138042189372786,0.0197212771253964,-0.007830835099132686
38.0,0.0008142058571090168,0.019709729015335856,-0.007835424292173872
38.5,0.000814216567794928,0.01975065555615409,-0.007792445994490661
39.0,0.0008136712023879182,0.019737438387486584,-0.007785294024499671
39.5,0.0008149143980703225,0.01976489212990774,-0.0077839727388681465
40.0,0.0008152746051937218,0.01975753451615448,-0.0077817096211582615
40.5,0.0008153189842589207,0.019744048199046165,-0.007775980608455824
41.0,0.0008157412575372535,0.019742580733983703,-0.007756716725299479
41.5,0.0008170977876060368,0.01976129530044481,-0.007739793320198426
42.0,0.0008173706143266961,0.019745487398472022,-0.007743053248161155
42.5,0.0008181715098200878,0.01973162169930959,-0.00773426058441706
43.0,0.0008176768219213068,0.019729543244241143,-0.007714096427704853
43.5,0.000817971974369759,0.019716493218839354,-0.007711755537859001
44.0,0.0008193564282402634,0.01972752047566864,-0.007694374563529328
44.5,0.0008198156863156434,0.019734928297796106,-0.007675351949101525
45.0,0.0008212985859545745,0.019724314812512727,-0.007676042494283846
45.5,0.0008218872429201074,0.019693827158931282,-0.007664559186409659
46.0,0.0008218787980498413,0.01969201112149851,-0.007627949283006797
46.5,0.000823185131575529,0.01969338270286759,-0.007614820787546168
47.0,0.0008210252005175458,0.01970687973684383,-0.007630731590461017
47.5,0.0008187323637717908,0.0197453295695464,-0.007697000015248158
48.0,0.0008193780412221712,0.01972668547377373,-0.007699733605718156
48.5,0.0008195535846117625,0.019723043472651743,-0.007687080666654101
49.0,0.000822237612138477,0.019730317901550314,-0.0077069625643550865
49.5,0.0008226332404223218,0.01973374818208005,-0.007694494035184231
50.0,0.0008225958049740885,0.019738569478783566,-0.007710690885418951
50.5,0.0008215332416676878,0.019729582039135357,-0.007686553778811294
51.0,0.0008223861853428389,0.01974624671400108,-0.007718828325735851
51.5,0.0008206244483792378,0.019729760156609145,-0.0077296927476660435
52.0,0.0008205674248141318,0.019719856890835042,-0.007747274841985594
52.5,0.0008198876230758664,0.019725381030825332,-0.007735937209677659
53.0,0.0008209015199677416,0.0197437269538444,-0.007760773548478834
53.5,0.0008202692519486965,0.019740603879440936,-0.007758026763079146
54.0,0.0008185279309275332,0.019720577003151565,-0.007770494178472186
54.5,0.0008188155290509092,0.01972429688972198,-0.007797093044686397
55.0,0.0008183061573076939,0.019713211601519943,-0.007789066201821581
55.5,0.0008188073794532559,0.01973612814505126,-0.007779728967320461
56.0,0.0008177603590201431,0.01970175353526237,-0.007814878923254763
56.5,0.0008174596619963446,0.019708824088471487,-0.007816777121254816
57.0,0.0008154714642547876,0.019691613037772653,-0.007821177028885502
57.5,0.00081569388260832,0.01969479922374142,-0.007842600642471805
58.0,0.0008150543460723211,0.019706166308200965,-0.007833033637004347
58.5,0.0008135021427504676,0.019702440397996467,-0.007845057463821248
59.0,0.0008126728756097645,0.019693474362100123,-0.007838331553136508
59.5,0.0008140070006532375,0.019721142997245495,-0.007837822734619922
60.0,0.0008138042189372786,0.0197212771253964,-0.007830835099132686
60.5,0.0008142058571090168,0.019709729015335856,-0.007835424292173872
61.0,0.000814216567794928,0.01975065555615409,-0.007792445994490661
61.5,0.0008136712023879182,0.019737438387486584,-0.007785294024499671
62.0,0.0008149143980703225,0.01976489212990774,-0.0077839727388681465
62.5,0.0008152746051937218,0.01975753451615448,-0.0077817096211582615
63.0,0.0008153189842589207,0.019744048199046165,-0.007775980608455824
63.5,0.0008157412575372535,0.019742580733983703,-0.007756716725299479
64.0,0.0008170977876060368,0.01976129530044481,-0.007739793320198426
64.5,0.0008173706143266961,0.019745487398472022,-0.007743053248161155
65.0,0.0008181715098200878,0.01973162169930959,-0.00773426058441706
65.5,0.0008176768219213068,0.019729543244241143,-0.007714096427704853
66.0,0.000817971974369759,0.019716493218839354,-0.007711755537859001
66.5,0.0008193564282402634,0.01972752047566864,-0.007694374563529328
67.0,0.0008198156863156434,0.019734928297796106,-0.007675351949101525
67.5,0.0008212985859545745,0.019724314812512727,-0.007676042494283846
68.0,0.0008218872429201074,0.019693827158931282,-0.007664559186409659
68.5,0.0008218787980498413,0.01969201112149851,-0.007627949283006797
69.0,0.000823185131575529,0.01969338270286759,-0.007614820787546168
69.5,0.0008210252005175458,0.01970687973684383,-0.007630731590461017
70.0,0.0008187323637717908,0.0197453295695464,-0.007697000015248158
70.5,0.0008193780412221712,0.01972668547377373,-0.007699733605718156
71.0,0.0008195535846117625,0.019723043472651743,-0.007687080666654101
71.5,0.000822237612138477,0.019730317901550314,-0.0077069625643550865
72.0,0.0008226332404223218,0.01973374818208005,-0.007694494035184231
72.5,0.0008225958049740885,0.019738569478783566,-0.007710690885418951
73.0,0.0008215332416676878,0.019729582039135357,-0.007686553778811294
73.5,0.0008223861853428389,0.01974624671400108,-0.007718828325735851
74.0,0.0008206244483792378,0.019729760156609145,-0.0077296927476660435
74.5,0.0008205674248141318,0.019719856890835042,-0.007747274841985594
75.0,0.0008198876230758664,0.019725381030825332,-0.007735937209677659
75.5,0.0008209015199677416,0.0197437269538444,-0.007760773548478834
76.0,0.0008202692519486965,0.019740603879440936,-0.007758026763079146
76.5,0.0008185279309275332,0.019720577003151565,-0.007770494178472186
77.0,0.0008188155290509092,0.01972429688972198,-0.007797093044686397
77.5,0.0008183061573076939,0.019713211601519943,-0.007789066201821581
78.0,0.0008188073794532559,0.01973612814505126,-0.007779728967320461
78.5,0.0008177603590201431,0.01970175353526237,-0.007814878923254763
79.0,0.0008174596619963446,0.019708824088471487,-0.007816777121254816
79.5,0.0008154714642547876,0.019691613037772653,-0.007821177028885502
80.0,0.00081569388260832,0.01969479922374142,-0.007842600642471805
80.5,0.0008150543460723211,0.019706166308200965,-0.007833033637004347
81.0,0.0008135021427504676,0.019702440397996467,-0.007845057463821248
81.5,0.0008126728756097645,0.019693474362100123,-0.007838331553136508
82.0,0.0008140070006532375,0.019721142997245495,-0.007837822734619922
82.5,0.0008138042189372786,0.0197212771253964,-0.007830835099132686
83.0,0.0008142058571090168,0.019709729015335856,-0.007835424292173872
83.5,0.000814216567794928,0.01975065555615409,-0.007792445994490661
84.0,0.0008136712023879182,0.019737438387486584,-0.007785294024499671
84.5,0.0008149143980703225,0.01976489212990774,-0.0077839727388681465
85.0,0.0008152746051937218,0.01975753451615448,-0.0077817096211582615
85.5,0.0008153189842589207,0.019744048199046165,-0.007775980608455824
86.0,0.0008157412575372535,0.019742580733983703,-0.007756716725299479
86.5,0.0008170977876060368,0.01976129530044481,-0.007739793320198426
87.0,0.0008173706143266961,0.019745487398472022,-0.007743053248161155
87.5,0.0008181715098200878,0.01973162169930959,-0.00773426058441706
88.0,0.0008176768219213068,0.019729543244241143,-0.007714096427704853
88.5,0.000817971974369759,0.019716493218839354,-0.007711755537859001
89.0,0.0008193564282402634,0.01972752047566864,-0.007694374563529328
89.5,0.0008198156863156434,0.019734928297796106,-0.007675351949101525
90.0,0.0008212985859545745,0.019724314812512727,-0.007676042494283846
90.5,0.0008218872429201074,0.019693827158931282,-0.007664559186409659
91.0,0.0008218787980498413,0.01969201112149851,-0.007627949283006797
91.5,0.000823185131575529,0.01969338270286759,-0.007614820787546168
92.0,0.0008210252005175458,0.01970687973684383,-0.007630731590461017
92.5,0.0008187323637717908,0.0197453295695464,-0.007697000015248158
93.0,0.0008193780412221712,0.01972668547377373,-0.007699733605718156
93.5,0.0008195535846117625,0.019723043472651743,-0.007687080666654101
94.0,0.000822237612138477,0.019730317901550314,-0.0077069625643550865
94.5,0.0008226332404223218,0.01973374818208005,-0.007694494035184231
95.0,0.0008225958049740885,0.019738569478783566,-0.007710690885418951
95.5,0.0008215332416676878,0.019729582039135357,-0.007686553778811294
96.0,0.0008223861853428389,0.01974624671400108,-0.007718828325735851
96.5,0.0008206244483792378,0.019729760156609145,-0.0077296927476660435
97.0,0.0008205674248141318,0.019719856890835042,-0.007747274841985594
97.5,0.0008198876230758664,0.019725381030825332,-0.007735937209677659
98.0,0.0008209015199677416,0.0197437269538444,-0.007760773548478834
98.5,0.0008202692519486965,0.019740603879440936,-0.007758026763079146
99.0,0.0008185279309275332,0.019720577003151565,-0.007770494178472186
99.5,0.0008188155290509092,0.01972429688972198,-0.007797093044686397
100.0,0.0008183061573076939,0.019713211601519943,-0.007789066201821581
100.5,0.0008188073794532559,0.01973612814505126,-0.007779728967320461
101.0,0.0008177603590201431,0.01970175353526237,-0.007814878923254763
101.5,0.0008174596619963446,0.019708824088471487,-0.007816777121254816
102.0,0.0008154714642547876,0.019691613037772653,-0.007821177028885502
102.5,0.00081569388260832,0.01969479922374142,-0.007842600642471805
103.0,0.0008150543460723211,0.019706166308200965,-0.007833033637004347
103.5,0.0008135021427504676,0.019702440397996467,-0.007845057463821248
104.0,0.0008126728756097645,0.019693474362100123,-0.007838331553136508
104.5,0.0008140070006532375,0.019721142997245495,-0.007837822734619922
105.0,0.0008138042189372786,0.0197212771253964,-0.007830835099132686
105.5,0.0008142058571090168,0.019709729015335856,-0.007835424292173872
106.0,0.000814216567794928,0.01975065555615409,-0.007792445994490661
106.5,0.0008136712023879182,0.019737438387486584,-0.007785294024499671
107.0,0.0008149143980703225,0.01976489212990774,-0.0077839727388681465
107.5,0.0008152746051937218,0.01975753451615448,-0.0077817096211582615
108.0,0.0008153189842589207,0.019744048199046165,-0.007775980608455824
108.5,0.0008157412575372535,0.019742580733983703,-0.007756716725299479
109.0,0.0008170977876060368,0.01976129530044481,-0.007739793320198426
109.5,0.0008173706143266961,0.019745487398472022,-0.007743053248161155
110.0,0.0008181715098200878,0.01973162169930959,-0.00773426058441706
110.5,0.0008176768219213068,0.019729543244241143,-0.007714096427704853
111.0,0.000817971974369759,0.019716493218839354,-0.007711755537859001
111.5,0.0008193564282402634,0.01972752047566864,-0.007694374563529328
112.0,0.0008198156863156434,0.019734928297796106,-0.007675351949101525
112.5,0.0008212985859545745,0.019724314812512727,-0.007676042494283846
113.0,0.0008218872429201074,0.019693827158931282,-0.007664559186409659
113.5,0.0008218787980498413,0.01969201112149851,-0.007627949283006797
114.0,0.000823185131575529,0.01969338270286759,-0.007614820787546168
114.5,0.0008210252005175458,0.01970687973684383,-0.007630731590461017
115.0,0.0008187323637717908,0.0197453295695464,-0.007697000015248158
115.5,0.0008193780412221712,0.01972668547377373,-0.007699733605718156
116.0,0.0008195535846117625,0.019723043472651743,-0.007687080666654101
116.5,0.000822237612138477,0.019730317901550314,-0.0077069625643550865
117.0,0.0008226332404223218,0.01973374818208005,-0.007694494035184231
117.5,0.0008225958049740885,0.019738569478783566,-0.007710690885418951
118.0,0.0008215332416676878,0.019729582039135357,-0.007686553778811294
118.5,0.0008223861853428389,0.01974624671400108,-0.007718828325735851
119.0,0.0008206244483792378,0.019729760156609145,-0.0077296927476660435
119.5,0.0008205674248141318,0.019719856890835042,-0.007747274841985594
120.0,0.0008198876230758664,0.019725381030825332,-0.007735937209677659
120.5,0.0008209015199677416,0.0197437269538444,-0.007760773548478834
121.0,0.0008202692519486965,0.019740603879440936,-0.007758026763079146
121.5,0.0008185279309275332,0.019720577003151565,-0.007770494178472186
122.0,0.0008188155290509092,0.01972429688972198,-0.007797093044686397
122.5,0.0008183061573076939,0.019713211601519943,-0.007789066201821581
123.0,0.0008188073794532559,0.01973612814505126,-0.007779728967320461
123.5,0.0008177603590201431,0.01970175353526237,-0.007814878923254763
124.0,0.0008174596619963446,0.019708824088471487,-0.007816777121254816
124.5,0.0008154714642547876,0.019691613037772653,-0.007821177028885502
125.0,0.00081569388260832,0.01969479922374142,-0.007842600642471805
125.5,0.0008150543460723211,0.019706166308200965,-0.007833033637004347
126.0,0.0008135021427504676,0.019702440397996467,-0.007845057463821248
126.5,0.0008126728756097645,0.019693474362100123,-0.007838331553136508
127.0,0.0008140070006532375,0.019721142997245495,-0.007837822734619922
127.5,0.0008138042189372786,0.0197212771253964,-0.007830835099132686
128.0,0.0008142058571090168,0.019709729015335856,-0.007835424292173872
128.5,0.000814216567794928,0.01975065555615409,-0.007792445994490661
129.0,0.0008136712023879182,0.019737438387486584,-0.007785294024499671
129.5,0.0008149143980703225,0.01976489212990774,-0.0077839727388681465
130.0,0.0008152746051937218,0.01975753451615448,-0.0077817096211582615
130.5,0.0008153189842589207,0.019744048199046165,-0.007775980608455824
131.0,0.0008157412575372535,0.019742580733983703,-0.007756716725299479
131.5,0.0008170977876060368,0.01976129530044481,-0.007739793320198426
132.0,0.0008173706143266961,0.019745487398472022,-0.007743053248161155
132.5,0.0008181715098200878,0.01973162169930959,-0.00773426058441706
133.0,0.0008176768219213068,0.019729543244241143,-0.007714096427704853
133.5,0.000817971974369759,0.019716493218839354,-0.007711755537859001
134.0,0.0008193564282402634,0.01972752047566864,-0.007694374563529328
134.5,0.0008198156863156434,0.019734928297796106,-0.007675351949101525
135.0,0.0008212985859545745,0.019724314812512727,-0.007676042494283846
135.5,0.0008218872429201074,0.019693827158931282,-0.007664559186409659
136.0,0.0008218787980498413,0.01969201112149851,-0.007627949283006797
136.5,0.000823185131575529,0.01969338270286759,-0.007614820787546168
137.0,0.0008210252005175458,0.01970687973684383,-0.007630731590461017
137.5,0.0008187323637717908,0.0197453295695464,-0.007697000015248158
138.0,0.0008193780412221712,0.01972668547377373,-0.007699733605718156
138.5,0.0008195535846117625,0.019723043472651743,-0.007687080666654101
139.0,0.000822237612138477,0.019730317901550314,-0.0077069625643550865
139.5,0.0008226332404223218,0.01973374818208005,-0.007694494035184231
140.0,0.0008225958049740885,0.019738569478783566,-0.007710690885418951
140.5,0.0008215332416676878,0.019729582039135357,-0.007686553778811294
141.0,0.0008223861853428389,0.01974624671400108,-0.007718828325735851
141.5,0.0008206244483792378,0.019729760156609145,-0.0077296927476660435
142.0,0.0008205674248141318,0.019719856890835042,-0.007747274841985594
142.5,0.0008198876230758664,0.019725381030825332,-0.007735937209677659
143.0,0.0008209015199677416,0.0197437269538444,-0.007760773548478834
143.5,0.0008202692519486965,0.019740603879440936,-0.007758026763079146
144.0,0.0008185279309275332,0.019720577003151565,-0.007770494178472186
144.5,0.0008188155290509092,0.01972429688972198,-0.0077970930446863975
145.0,0.0008183061573076939,0.019713211601519943,-0.007789066201821581
145.5,0.0008188073794532559,0.01973612814505126,-0.007779728967320461
146.0,0.0008177603590201431,0.01970175353526237,-0.007814878923254763
146.5,0.0008174596619963446,0.019708824088471487,-0.007816777121254816
147.0,0.0008154714642547876,0.019691613037772653,-0.007821177028885502
147.5,0.00081569388260832,0.01969479922374142,-0.007842600642471805
148.0,0.0008150543460723211,0.019706166308200965,-0.007833033637004347
148.5,0.0008135021427504676,0.019702440397996467,-0.007845057463821248
149.0,0.0008126728756097645,0.019693474362100123,-0.007838331553136508
149.5,0.0008140070006532375,0.019721142997245495,-0.007837822734619922
150.0,0.0008138042189372786,0.0197212771253964,-0.007830835099132686
150.5,0.0008142058571090168,0.019709729015335856,-0.007835424292173872
151.0,0.000814216567794928,0.01975065555615409,-0.007792445994490661
151.5,0.0008136712023879182,0.019737438387486584,-0.007785294024499671
152.0,0.0008149143980703225,0.01976489212990774,-0.0077839727388681465
152.5,0.0008152746051937218,0.01975753451615448,-0.0077817096211582615
153.0,0.0008153189842589207,0.019744048199046165,-0.007775980608455824
153.5,0.0008157412575372535,0.019742580733983703,-0.007756716725299479
154.0,0.0008170977876060368,0.01976129530044481,-0.007739793320198426
154.5,0.0008173706143266961,0.019745487398472022,-0.007743053248161155
155.0,0.0008181715098200878,0.01973162169930959,-0.00773426058441706
155.5,0.0008176768219213068,0.019729543244241143,-0.007714096427704853
156.0,0.000817971974369759,0.019716493218839354,-0.007711755537859001
156.5,0.0008193564282402634,0.01972752047566864,-0.007694374563529328
157.0,0.0008198156863156434,0.019734928297796106,-0.007675351949101525
157.5,0.0008212985859545745,0.019724314812512727,-0.007676042494283846
158.0,0.0008218872429201074,0.019693827158931282,-0.007664559186409659
158.5,0.0008218787980498413,0.01969201112149851,-0.007627949283006797
159.0,0.000823185131575529,0.01969338270286759,-0.007614820787546168
159.5,0.0008210252005175458,0.01970687973684383,-0.007630731590461017
160.0,0.0008187323637717908,0.0197453295695464,-0.007697000015248158
160.5,0.0008193780412221712,0.01972668547377373,-0.007699733605718156
161.0,0.0008195535846117625,0.019723043472651743,-0.007687080666654101
161.5,0.000822237612138477,0.019730317901550314,-0.0077069625643550865
162.0,0.0008226332404223218,0.01973374818208005,-0.007694494035184231
162.5,0.0008225958049740885,0.019738569478783566,-0.007710690885418951
163.0,0.0008215332416676878,0.019729582039135357,-0.007686553778811294
163.5,0.0008223861853428389,0.01974624671400108,-0.007718828325735851
164.0,0.0008206244483792378,0.019729760156609145,-0.0077296927476660435
164.5,0.0008205674248141318,0.019719856890835042,-0.007747274841985594
165.0,0.0008198876230758664,0.019725381030825332,-0.007735937209677659
165.5,0.0008209015199677416,0.0197437269538444,-0.007760773548478834
166.0,0.0008202692519486965,0.019740603879440936,-0.007758026763079146
166.5,0.0008185279309275332,0.019720577003151565,-0.007770494178472186
167.0,0.0008188155290509092,0.01972429688972198,-0.0077970930446863975
167.5,0.0008183061573076939,0.019713211601519943,-0.007789066201821581
168.0,0.0008188073794532559,0.01973612814505126,-0.007779728967320461
168.5,0.0008177603590201431,0.01970175353526237,-0.007814878923254763
169.0,0.0008174596619963446,0.019708824088471487,-0.007816777121254816
169.5,0.0008154714642547876,0.019691613037772653,-0.007821177028885502
170.0,0.00081569388260832,0.01969479922374142,-0.007842600642471805
170.5,0.0008150543460723211,0.019706166308200965,-0.007833033637004347
171.0,0.0008135021427504676,0.019702440397996467,-0.007845057463821248
171.5,0.0008126728756097645,0.019693474362100123,-0.007838331553136508
172.0,0.0008140070006532375,0.019721142997245495,-0.007837822734619922
172.5,0.0008138042189372786,0.0197212771253964,-0.007830835099132686
173.0,0.0008142058571090168,0.019709729015335856,-0.007835424292173872
173.5,0.000814216567794928,0.01975065555615409,-0.007792445994490661
174.0,0.0008136712023879182,0.019737438387486584,-0.007785294024499671
174.5,0.0008149143980703225,0.01976489212990774,-0.0077839727388681465
175.0,0.0008152746051937218,0.019757534516154477,-0.0077817096211582615
175.5,0.0008153189842589207,0.019744048199046165,-0.007775980608455824
176.0,0.0008157412575372535,0.019742580733983703,-0.007756716725299479
176.5,0.0008170977876060368,0.01976129530044481,-0.007739793320198425
177.0,0.0008173706143266961,0.019745487398472022,-0.007743053248161155
177.5,0.0008181715098200878,0.01973162169930959,-0.00773426058441706
178.0,0.0008176768219213068,0.019729543244241143,-0.007714096427704853
178.5,0.000817971974369759,0.01971649321883935,-0.007711755537859001
179.0,0.0008193564282402634,0.01972752047566864,-0.007694374563529328
179.5,0.0008198156863156434,0.019734928297796106,-0.007675351949101524
180.0,0.0008212985859545745,0.019724314812512727,-0.007676042494283846
180.5,0.0008218872429201074,0.019693827158931282,-0.00766455918640966
181.0,0.0008218787980498413,0.01969201112149851,-0.007627949283006797
181.5,0.000823185131575529,0.01969338270286759,-0.007614820787546167
182.0,0.0008210252005175458,0.01970687973684383,-0.007630731590461017
182.5,0.0008187323637717908,0.0197453295695464,-0.007697000015248158
183.0,0.0008193780412221712,0.01972668547377373,-0.007699733605718156
183.5,0.0008195535846117625,0.019723043472651743,-0.007687080666654101
184.0,0.0008222376121384771,0.019730317901550314,-0.007706962564355087
184.5,0.0008226332404223218,0.01973374818208005,-0.007694494035184231
185.0,0.0008225958049740885,0.019738569478783566,-0.007710690885418951
185.5,0.0008215332416676878,0.01972958203913536,-0.007686553778811294
186.0,0.0008223861853428388,0.01974624671400108,-0.007718828325735849
186.5,0.0008206244483792378,0.01972976015660914,-0.007729692747666043
187.0,0.0008205674248141317,0.019719856890835042,-0.007747274841985595
187.5,0.0008198876230758664,0.019725381030825332,-0.007735937209677661
188.0,0.0008209015199677416,0.0197437269538444,-0.007760773548478834
188.5,0.0008202692519486966,0.019740603879440936,-0.007758026763079147
189.0,0.0008185279309275332,0.019720577003151565,-0.007770494178472186
189.5,0.0008188155290509092,0.019724296889721975,-0.0077970930446863975
190.0,0.0008183061573076939,0.019713211601519943,-0.007789066201821581
190.5,0.0008188073794532559,0.01973612814505126,-0.007779728967320461
191.0,0.0008177603590201432,0.01970175353526237,-0.007814878923254763
191.5,0.0008174596619963447,0.019708824088471487,-0.007816777121254816
192.0,0.0008154714642547876,0.019691613037772657,-0.007821177028885504
192.5,0.00081569388260832,0.01969479922374142,-0.007842600642471805
193.0,0.0008150543460723213,0.019706166308200965,-0.007833033637004347
193.5,0.0008135021427504677,0.019702440397996467,-0.00784505746382125
194.0,0.0008126728756097645,0.019693474362100123,-0.007838331553136508
194.5,0.0008140070006532375,0.019721142997245495,-0.007837822734619922
195.0,0.0008138042189372786,0.019721277125396404,-0.007830835099132688
195.5,0.0008142058571090168,0.019709729015335856,-0.007835424292173872
196.0,0.0008142165677949282,0.019750655556154094,-0.007792445994490661
196.5,0.0008136712023879184,0.01973743838748658,-0.0077852940244996695
197.0,0.0008149143980703225,0.019764892129907743,-0.0077839727388681465
197.5,0.0008152746051937218,0.019757534516154474,-0.0077817096211582615
198.0,0.0008153189842589207,0.019744048199046158,-0.007775980608455824
198.5,0.0008157412575372534,0.019742580733983706,-0.00775671672529948
199.0,0.000817097787606037,0.01976129530044481,-0.007739793320198426
199.5,0.0008173706143266962,0.019745487398472015,-0.0077430532481611546
200.0,0.0008181715098200878,0.01973162169930959,-0.00773426058441706
200.5,0.0008176768219213068,0.019729543244241147,-0.007714096427704853
201.0,0.0008179719743697592,0.019716493218839348,-0.007711755537859001
201.5,0.0008193564282402633,0.019727520475668642,-0.007694374563529329
202.0,0.0008198156863156434,0.01973492829779611,-0.007675351949101524
202.5,0.0008212985859545746,0.019724314812512727,-0.007676042494283845
203.0,0.0008218872429201074,0.019693827158931275,-0.00766455918640966
203.5,0.0008218787980498413,0.01969201112149851,-0.007627949283006797
204.0,0.000823185131575529,0.019693382702867586,-0.007614820787546167
204.5,0.0008210252005175459,0.019706879736843826,-0.007630731590461015
205.0,0.0008187323637717908,0.019745329569546406,-0.007697000015248158
205.5,0.0008193780412221711,0.01972668547377373,-0.007699733605718156
206.0,0.0008195535846117626,0.01972304347265174,-0.0076870806666541
206.5,0.000822237612138477,0.019730317901550314,-0.007706962564355088
207.0,0.0008226332404223217,0.01973374818208005,-0.007694494035184231
207.5,0.0008225958049740885,0.019738569478783566,-0.007710690885418951
208.0,0.000821533241667688,0.01972958203913535,-0.007686553778811295
208.5,0.0008223861853428387,0.01974624671400108,-0.007718828325735851
209.0,0.0008206244483792379,0.019729760156609138,-0.0077296927476660435
209.5,0.0008205674248141318,0.01971985689083504,-0.007747274841985595
210.0,0.0008198876230758662,0.01972538103082534,-0.007735937209677659
210.5,0.0008209015199677416,0.0197437269538444,-0.007760773548478834
211.0,0.0008202692519486966,0.01974060387944093,-0.007758026763079148
211.5,0.0008185279309275331,0.019720577003151572,-0.007770494178472184
212.0,0.0008188155290509091,0.01972429688972198,-0.007797093044686396
212.5,0.000818306157307694,0.019713211601519932,-0.0077890662018215845
213.0,0.0008188073794532557,0.01973612814505126,-0.007779728967320462
213.5,0.0008177603590201432,0.019701753535262375,-0.007814878923254763
214.0,0.0008174596619963447,0.01970882408847148,-0.007816777121254816
214.5,0.0008154714642547878,0.019691613037772646,-0.007821177028885509
215.0,0.00081569388260832,0.01969479922374142,-0.007842600642471805
215.5,0.0008150543460723213,0.01970616630820097,-0.007833033637004347
216.0,0.0008135021427504678,0.01970244039799646,-0.007845057463821253
216.5,0.0008126728756097642,0.01969347436210013,-0.007838331553136506
217.0,0.0008140070006532376,0.0197211429972455,-0.00783782273461992
217.5,0.0008138042189372788,0.019721277125396387,-0.007830835099132696
218.0,0.0008142058571090168,0.019709729015335867,-0.00783542429217387
218.5,0.0008142165677949282,0.019750655556154094,-0.00779244599449066
219.0,0.0008136712023879184,0.019737438387486574,-0.007785294024499672
219.5,0.0008149143980703223,0.019764892129907754,-0.0077839727388681395
220.0,0.0008152746051937218,0.01975753451615448,-0.007781709621158258
220.5,0.0008153189842589207,0.019744048199046158,-0.007775980608455822
221.0,0.0008157412575372536,0.019742580733983703,-0.007756716725299485
221.5,0.0008170977876060367,0.019761295300444813,-0.007739793320198422
222.0,0.0008173706143266963,0.019745487398472015,-0.007743053248161157
222.5,0.000818171509820088,0.01973162169930958,-0.007734260584417068
223.0,0.0008176768219213068,0.01972954324424115,-0.007714096427704854
223.5,0.0008179719743697592,0.019716493218839348,-0.007711755537859002
224.0,0.0008193564282402635,0.019727520475668635,-0.007694374563529333
224.5,0.0008198156863156433,0.01973492829779611,-0.007675351949101523
225.0,0.0008212985859545746,0.019724314812512724,-0.0076760424942838475
225.5,0.0008218872429201075,0.019693827158931275,-0.007664559186409664
226.0,0.0008218787980498415,0.019692011121498505,-0.007627949283006801
226.5,0.0008231851315755288,0.019693382702867593,-0.0076148207875461615
227.0,0.000821025200517546,0.019706879736843822,-0.007630731590461023
227.5,0.000818732363771791,0.0197453295695464,-0.007697000015248164
228.0,0.000819378041222171,0.01972668547377373,-0.007699733605718151
228.5,0.0008195535846117627,0.019723043472651733,-0.007687080666654103
229.0,0.0008222376121384771,0.019730317901550314,-0.007706962564355091
229.5,0.0008226332404223217,0.019733748182080058,-0.007694494035184227
230.0,0.0008225958049740885,0.019738569478783566,-0.007710690885418946
230.5,0.0008215332416676881,0.019729582039135347,-0.007686553778811298
231.0,0.0008223861853428387,0.019746246714001086,-0.007718828325735847
231.5,0.0008206244483792379,0.019729760156609138,-0.007729692747666044
232.0,0.0008205674248141318,0.01971985689083504,-0.007747274841985597
232.5,0.0008198876230758666,0.019725381030825332,-0.007735937209677671
233.0,0.0008209015199677415,0.0197437269538444,-0.007760773548478827
233.5,0.0008202692519486968,0.01974060387944093,-0.0077580267630791505
234.0,0.0008185279309275333,0.019720577003151572,-0.007770494178472195
234.5,0.0008188155290509088,0.019724296889721982,-0.00779709304468639
235.0,0.0008183061573076942,0.01971321160151993,-0.0077890662018215906
235.5,0.0008188073794532559,0.019736128145051258,-0.007779728967320467
236.0,0.0008177603590201431,0.019701753535262375,-0.007814878923254756
236.5,0.0008174596619963446,0.01970882408847148,-0.007816777121254816
237.0,0.000815471464254788,0.01969161303777264,-0.007821177028885516
237.5,0.0008156938826083199,0.019694799223741424,-0.007842600642471798
238.0,0.0008150543460723211,0.01970616630820097,-0.007833033637004343
238.5,0.0008135021427504679,0.01970244039799646,-0.007845057463821255
239.0,0.0008126728756097645,0.019693474362100127,-0.00783833155313651
239.5,0.0008140070006532375,0.0197211429972455,-0.007837822734619916
240.0,0.0008138042189372788,0.019721277125396387,-0.0078308350991327
240.5,0.0008142058571090168,0.019709729015335867,-0.007835424292173872
241.0,0.000814216567794928,0.019750655556154097,-0.007792445994490655
241.5,0.0008136712023879186,0.019737438387486574,-0.0077852940244996765
242.0,0.0008149143980703224,0.019764892129907754,-0.007783972738868143
242.5,0.0008152746051937218,0.01975753451615448,-0.007781709621158255
243.0,0.0008153189842589208,0.019744048199046158,-0.0077759806084558205
243.5,0.0008157412575372537,0.019742580733983703,-0.0077567167252994874
244.0,0.0008170977876060371,0.019761295300444813,-0.007739793320198432
244.5,0.0008173706143266962,0.019745487398472015,-0.007743053248161155
245.0,0.000818171509820088,0.01973162169930958,-0.00773426058441707
245.5,0.000817676821921307,0.01972954324424115,-0.007714096427704861
246.0,0.0008179719743697592,0.019716493218839344,-0.007711755537858999
246.5,0.0008193564282402635,0.019727520475668635,-0.007694374563529335
247.0,0.0008198156863156434,0.01973492829779611,-0.007675351949101527
247.5,0.0008212985859545745,0.019724314812512724,-0.007676042494283845
248.0,0.0008218872429201075,0.019693827158931275,-0.007664559186409664
248.5,0.0008218787980498417,0.019692011121498505,-0.007627949283006805
249.0,0.0008231851315755287,0.019693382702867593,-0.007614820787546158
249.5,0.0008210252005175461,0.019706879736843822,-0.007630731590461024
250.0,0.000818732363771791,0.0197453295695464,-0.0076970000152481646
250.5,0.000819378041222171,0.01972668547377373,-0.007699733605718156
251.0,0.0008195535846117626,0.019723043472651736,-0.007687080666654103
251.5,0.0008222376121384772,0.019730317901550314,-0.007706962564355095
252.0,0.0008226332404223217,0.019733748182080058,-0.007694494035184232
252.5,0.0008225958049740885,0.019738569478783566,-0.007710690885418944
253.0,0.0008215332416676881,0.019729582039135343,-0.007686553778811299
253.5,0.0008223861853428387,0.019746246714001086,-0.0077188283257358485
254.0,0.0008206244483792379,0.019729760156609138,-0.007729692747666042
254.5,0.0008205674248141319,0.01971985689083504,-0.007747274841985599
255.0,0.0008198876230758664,0.019725381030825332,-0.007735937209677672
255.5,0.0008209015199677414,0.0197437269538444,-0.007760773548478824
256.0,0.0008202692519486966,0.01974060387944093,-0.007758026763079149
256.5,0.0008185279309275335,0.019720577003151572,-0.007770494178472197
257.0,0.000818815529050909,0.019724296889721982,-0.007797093044686392
257.5,0.0008183061573076941,0.01971321160151993,-0.007789066201821588
258.0,0.0008188073794532559,0.019736128145051258,-0.007779728967320467
258.5,0.0008177603590201431,0.019701753535262375,-0.00781487892325476
259.0,0.0008174596619963446,0.01970882408847148,-0.007816777121254814
259.5,0.000815471464254788,0.01969161303777264,-0.007821177028885516
260.0,0.0008156938826083198,0.019694799223741424,-0.007842600642471798
260.5,0.0008150543460723211,0.01970616630820097,-0.007833033637004343
261.0,0.0008135021427504679,0.01970244039799646,-0.007845057463821256
261.5,0.0008126728756097645,0.019693474362100127,-0.00783833155313651
262.0,0.0008140070006532375,0.0197211429972455,-0.007837822734619918
262.5,0.0008138042189372788,0.019721277125396387,-0.007830835099132698
263.0,0.0008142058571090168,0.019709729015335867,-0.007835424292173872
263.5,0.000814216567794928,0.019750655556154097,-0.007792445994490657
264.0,0.0008136712023879186,0.019737438387486574,-0.0077852940244996765
264.5,0.0008149143980703224,0.019764892129907754,-0.007783972738868143
265.0,0.0008152746051937218,0.01975753451615448,-0.007781709621158255
265.5,0.0008153189842589206,0.019744048199046158,-0.0077759806084558205
266.0,0.0008157412575372537,0.019742580733983703,-0.0077567167252994874
266.5,0.0008170977876060371,0.019761295300444813,-0.007739793320198433
267.0,0.0008173706143266963,0.019745487398472015,-0.007743053248161156
267.5,0.000818171509820088,0.01973162169930958,-0.00773426058441707
268.0,0.000817676821921307,0.01972954324424115,-0.007714096427704862
268.5,0.0008179719743697592,0.019716493218839348,-0.007711755537859
269.0,0.0008193564282402635,0.01972752047566863,-0.007694374563529334
269.5,0.0008198156863156434,0.01973492829779611,-0.007675351949101526
270.0,0.0008212985859545746,0.019724314812512724,-0.007676042494283845
270.5,0.0008218872429201075,0.019693827158931275,-0.007664559186409665
271.0,0.0008218787980498417,0.019692011121498505,-0.007627949283006806
271.5,0.0008231851315755288,0.019693382702867593,-0.007614820787546158
272.0,0.000821025200517546,0.019706879736843822,-0.007630731590461023
272.5,0.000818732363771791,0.0197453295695464,-0.0076970000152481646
273.0,0.0008193780412221711,0.019726685473773733,-0.0076997336057181565
273.5,0.0008195535846117626,0.019723043472651733,-0.007687080666654102
274.0,0.0008222376121384771,0.019730317901550314,-0.007706962564355094
274.5,0.0008226332404223217,0.019733748182080058,-0.007694494035184233
275.0,0.0008225958049740884,0.019738569478783566,-0.007710690885418944
275.5,0.000821533241667688,0.019729582039135343,-0.007686553778811299
276.0,0.0008223861853428387,0.019746246714001086,-0.007718828325735849
276.5,0.0008206244483792379,0.01972976015660914,-0.007729692747666042
277.0,0.0008205674248141319,0.01971985689083504,-0.007747274841985599
277.5,0.0008198876230758666,0.019725381030825336,-0.007735937209677672
278.0,0.0008209015199677415,0.0197437269538444,-0.007760773548478825
278.5,0.0008202692519486966,0.019740603879440925,-0.007758026763079149
279.0,0.0008185279309275335,0.019720577003151576,-0.007770494178472197
279.5,0.000818815529050909,0.019724296889721986,-0.007797093044686392
280.0,0.0008183061573076941,0.01971321160151993,-0.007789066201821588
280.5,0.0008188073794532559,0.019736128145051258,-0.007779728967320467
281.0,0.0008177603590201431,0.019701753535262375,-0.00781487892325476
281.5,0.0008174596619963444,0.01970882408847148,-0.007816777121254814
282.0,0.000815471464254788,0.01969161303777264,-0.007821177028885516
282.5,0.0008156938826083198,0.019694799223741424,-0.007842600642471798
283.0,0.000815054346072321,0.01970616630820097,-0.007833033637004341
283.5,0.0008135021427504679,0.01970244039799646,-0.007845057463821256
284.0,0.0008126728756097645,0.019693474362100127,-0.00783833155313651
284.5,0.0008140070006532375,0.0197211429972455,-0.007837822734619918
285.0,0.0008138042189372788,0.019721277125396387,-0.007830835099132698
285.5,0.0008142058571090168,0.019709729015335867,-0.007835424292173872
286.0,0.000814216567794928,0.019750655556154097,-0.007792445994490657
286.5,0.0008136712023879186,0.019737438387486574,-0.0077852940244996765
287.0,0.0008149143980703224,0.019764892129907754,-0.007783972738868143
287.5,0.0008152746051937218,0.01975753451615448,-0.007781709621158255
288.0,0.0008153189842589206,0.019744048199046158,-0.0077759806084558205
288.5,0.0008157412575372537,0.019742580733983703,-0.0077567167252994874
289.0,0.0008170977876060371,0.019761295300444813,-0.007739793320198433
289.5,0.0008173706143266963,0.019745487398472015,-0.007743053248161156
290.0,0.000818171509820088,0.01973162169930958,-0.00773426058441707
290.5,0.000817676821921307,0.01972954324424115,-0.007714096427704862
291.0,0.0008179719743697592,0.019716493218839348,-0.007711755537859
291.5,0.0008193564282402635,0.01972752047566863,-0.007694374563529334
292.0,0.0008198156863156434,0.01973492829779611,-0.007675351949101526
292.5,0.0008212985859545746,0.019724314812512724,-0.007676042494283845
293.0,0.0008218872429201075,0.019693827158931275,-0.007664559186409665
293.5,0.0008218787980498417,0.019692011121498505,-0.007627949283006806
294.0,0.0008231851315755288,0.019693382702867593,-0.007614820787546158
294.5,0.000821025200517546,0.019706879736843822,-0.007630731590461023
295.0,0.000818732363771791,0.0197453295695464,-0.0076970000152481646
295.5,0.0008193780412221711,0.019726685473773733,-0.0076997336057181565
296.0,0.0008195535846117626,0.019723043472651733,-0.007687080666654102
296.5,0.0008222376121384771,0.019730317901550314,-0.007706962564355094
297.0,0.0008226332404223217,0.019733748182080058,-0.007694494035184233
297.5,0.0008225958049740884,0.019738569478783566,-0.007710690885418944
298.0,0.000821533241667688,0.019729582039135343,-0.007686553778811299
298.5,0.0008223861853428387,0.019746246714001086,-0.007718828325735849
299.0,0.0008206244483792379,0.01972976015660914,-0.007729692747666042
299.5,0.0008205674248141319,0.01971985689083504,-0.007747274841985599
300.0,0.0008198876230758666,0.019725381030825336,-0.007735937209677672
300.5,0.0008209015199677415,0.0197437269538444,-0.007760773548478825
301.0,0.0008202692519486966,0.019740603879440925,-0.007758026763079149
301.5,0.0008185279309275335,0.019720577003151576,-0.007770494178472197
302.0,0.000818815529050909,0.019724296889721986,-0.007797093044686392
302.5,0.0008183061573076941,0.01971321160151993,-0.007789066201821588
303.0,0.0008188073794532559,0.019736128145051258,-0.007779728967320467
303.5,0.0008177603590201431,0.019701753535262375,-0.00781487892325476
304.0,0.0008174596619963444,0.01970882408847148,-0.007816777121254814
304.5,0.000815471464254788,0.01969161303777264,-0.007821177028885516
305.0,0.0008156938826083198,0.019694799223741424,-0.007842600642471798
305.5,0.000815054346072321,0.01970616630820097,-0.007833033637004341
306.0,0.0008135021427504679,0.01970244039799646,-0.007845057463821256
306.5,0.0008126728756097645,0.019693474362100127,-0.00783833155313651
307.0,0.0008140070006532375,0.0197211429972455,-0.007837822734619918
307.5,0.0008138042189372788,0.019721277125396387,-0.007830835099132698
308.0,0.0008142058571090168,0.019709729015335867,-0.007835424292173872
308.5,0.000814216567794928,0.019750655556154097,-0.007792445994490657
309.0,0.0008136712023879186,0.019737438387486574,-0.0077852940244996765
309.5,0.0008149143980703224,0.019764892129907754,-0.007783972738868143
310.0,0.0008152746051937218,0.01975753451615448,-0.007781709621158255
310.5,0.0008153189842589206,0.019744048199046158,-0.0077759806084558205
311.0,0.0008157412575372537,0.019742580733983703,-0.0077567167252994874
311.5,0.0008170977876060371,0.019761295300444813,-0.007739793320198433
312.0,0.0008173706143266963,0.019745487398472015,-0.007743053248161156
312.5,0.000818171509820088,0.01973162169930958,-0.00773426058441707
313.0,0.000817676821921307,0.01972954324424115,-0.007714096427704862
313.5,0.0008179719743697592,0.019716493218839348,-0.007711755537859
314.0,0.0008193564282402635,0.01972752047566863,-0.007694374563529334
314.5,0.0008198156863156434,0.01973492829779611,-0.007675351949101526
315.0,0.0008212985859545746,0.019724314812512724,-0.007676042494283845
315.5,0.0008218872429201075,0.019693827158931275,-0.007664559186409665
316.0,0.0008218787980498417,0.019692011121498505,-0.007627949283006806
316.5,0.0008231851315755288,0.019693382702867593,-0.007614820787546158
317.0,0.000821025200517546,0.019706879736843822,-0.007630731590461023
317.5,0.000818732363771791,0.0197453295695464,-0.0076970000152481646
318.0,0.0008193780412221711,0.019726685473773733,-0.0076997336057181565
318.5,0.0008195535846117626,0.019723043472651733,-0.007687080666654102
319.0,0.0008222376121384771,0.019730317901550314,-0.007706962564355094
319.5,0.0008226332404223217,0.019733748182080058,-0.007694494035184233
320.0,0.0008225958049740884,0.019738569478783566,-0.007710690885418944
320.5,0.000821533241667688,0.019729582039135343,-0.007686553778811299
321.0,0.0008223861853428387,0.019746246714001086,-0.007718828325735849
321.5,0.0008206244483792379,0.01972976015660914,-0.007729692747666042
322.0,0.0008205674248141319,0.01971985689083504,-0.007747274841985599
322.5,0.0008198876230758666,0.019725381030825336,-0.007735937209677672
323.0,0.0008209015199677415,0.0197437269538444,-0.007760773548478825
323.5,0.0008202692519486966,0.019740603879440925,-0.007758026763079149
324.0,0.0008185279309275335,0.019720577003151576,-0.007770494178472197
324.5,0.000818815529050909,0.019724296889721986,-0.007797093044686392
325.0,0.0008183061573076941,0.01971321160151993,-0.007789066201821588
325.5,0.0008188073794532559,0.019736128145051258,-0.007779728967320467
326.0,0.0008177603590201431,0.019701753535262375,-0.00781487892325476
326.5,0.0008174596619963444,0.01970882408847148,-0.007816777121254814
327.0,0.000815471464254788,0.01969161303777264,-0.007821177028885516
327.5,0.0008156938826083198,0.019694799223741424,-0.007842600642471798
328.0,0.000815054346072321,0.01970616630820097,-0.007833033637004341
328.5,0.0008135021427504679,0.01970244039799646,-0.007845057463821256
329.0,0.0008126728756097645,0.019693474362100127,-0.00783833155313651
329.5,0.0008140070006532375,0.0197211429972455,-0.007837822734619918
330.0,0.0008138042189372788,0.019721277125396387,-0.007830835099132698
330.5,0.0008142058571090168,0.019709729015335867,-0.007835424292173872
331.0,0.000814216567794928,0.019750655556154097,-0.007792445994490657
331.5,0.0008136712023879186,0.019737438387486574,-0.0077852940244996765
332.0,0.0008149143980703224,0.019764892129907754,-0.007783972738868143
332.5,0.0008152746051937218,0.01975753451615448,-0.007781709621158255
333.0,0.0008153189842589206,0.019744048199046158,-0.0077759806084558205
333.5,0.0008157412575372537,0.019742580733983703,-0.0077567167252994874
334.0,0.0008170977876060371,0.019761295300444813,-0.007739793320198433
334.5,0.0008173706143266963,0.019745487398472015,-0.007743053248161156
335.0,0.000818171509820088,0.01973162169930958,-0.00773426058441707
335.5,0.000817676821921307,0.01972954324424115,-0.007714096427704862
336.0,0.0008179719743697592,0.019716493218839348,-0.007711755537859
336.5,0.0008193564282402635,0.01972752047566863,-0.007694374563529334
337.0,0.0008198156863156434,0.01973492829779611,-0.007675351949101526
337.5,0.0008212985859545746,0.019724314812512724,-0.007676042494283845
338.0,0.0008218872429201075,0.019693827158931275,-0.007664559186409665
338.5,0.0008218787980498417,0.019692011121498505,-0.007627949283006806
339.0,0.0008231851315755288,0.019693382702867593,-0.007614820787546158
339.5,0.000821025200517546,0.019706879736843822,-0.007630731590461023
340.0,0.000818732363771791,0.0197453295695464,-0.0076970000152481646
340.5,0.0008193780412221711,0.019726685473773733,-0.0076997336057181565
341.0,0.0008195535846117626,0.019723043472651733,-0.007687080666654102
341.5,0.0008222376121384771,0.019730317901550314,-0.007706962564355094
342.0,0.0008226332404223217,0.019733748182080058,-0.007694494035184233
342.5,0.0008225958049740884,0.019738569478783566,-0.007710690885418944
343.0,0.000821533241667688,0.019729582039135343,-0.007686553778811299
343.5,0.0008223861853428387,0.019746246714001086,-0.007718828325735849
344.0,0.0008206244483792379,0.01972976015660914,-0.007729692747666042
344.5,0.0008205674248141319,0.01971985689083504,-0.007747274841985599
345.0,0.0008198876230758666,0.019725381030825336,-0.007735937209677672
345.5,0.0008209015199677415,0.0197437269538444,-0.007760773548478825
346.0,0.0008202692519486966,0.019740603879440925,-0.007758026763079149
346.5,0.0008185279309275335,0.019720577003151576,-0.007770494178472197
347.0,0.000818815529050909,0.019724296889721986,-0.007797093044686392
347.5,0.0008183061573076941,0.01971321160151993,-0.007789066201821588
348.0,0.0008188073794532559,0.019736128145051258,-0.007779728967320467
348.5,0.0008177603590201431,0.019701753535262375,-0.00781487892325476
349.0,0.0008174596619963444,0.01970882408847148,-0.007816777121254814
349.5,0.000815471464254788,0.01969161303777264,-0.007821177028885516
350.0,0.0008156938826083198,0.019694799223741424,-0.007842600642471798
350.5,0.000815054346072321,0.01970616630820097,-0.007833033637004341
351.0,0.0008135021427504679,0.01970244039799646,-0.007845057463821256
351.5,0.0008126728756097645,0.019693474362100127,-0.00783833155313651
352.0,0.0008140070006532375,0.0197211429972455,-0.007837822734619918
352.5,0.0008138042189372788,0.019721277125396387,-0.007830835099132698
353.0,0.0008142058571090168,0.019709729015335867,-0.007835424292173872
353.5,0.000814216567794928,0.019750655556154097,-0.007792445994490657
354.0,0.0008136712023879186,0.019737438387486574,-0.0077852940244996765
354.5,0.0008149143980703224,0.019764892129907754,-0.007783972738868143
355.0,0.0008152746051937218,0.01975753451615448,-0.007781709621158255
355.5,0.0008153189842589206,0.019744048199046158,-0.0077759806084558205
356.0,0.0008157412575372537,0.019742580733983703,-0.0077567167252994874
356.5,0.0008170977876060371,0.019761295300444813,-0.007739793320198433
357.0,0.0008173706143266963,0.019745487398472015,-0.007743053248161156
357.5,0.000818171509820088,0.01973162169930958,-0.00773426058441707
358.0,0.000817676821921307,0.01972954324424115,-0.007714096427704862
358.5,0.0008179719743697592,0.019716493218839348,-0.007711755537859
359.0,0.0008193564282402635,0.01972752047566863,-0.007694374563529334
359.5,0.0008198156863156434,0.01973492829779611,-0.007675351949101526
