crank_deg,gravity_and_external_nmm,journal_nmm,required_crank_nmm,target_cog_support_margin_mm,required_input_nm
0.0,8.382752085815351,6.058887059974657,14.441639145790008,31.66803922214708,0.006354498160673522
0.5,8.442469731034276,6.051151903070432,14.493621634104707,31.786988507670674,0.006362430058914901
1.0,8.49693394329353,6.040338562358666,14.537272505652197,31.9058997632798,0.006369090653328275
1.5000000000000002,8.545937048239988,6.026220008511776,14.572157056751763,32.02476409059816,0.006374413613395959
2.0,8.589290142662074,6.008568818817378,14.597858961479453,32.14357319167934,0.006378335412823401
2.5,8.626825777496322,5.987160621703754,14.613986399200076,32.262319490415365,0.006380796264526377
3.0000000000000004,8.658400614608354,5.961778083145395,14.62017869775375,32.38099626000309,0.006381741134300801
3.5,8.683898037258365,5.932215442169896,14.616113479428261,32.49959775559678,0.006381120831211586
4.0,8.703230724444289,5.898283522096343,14.601514246540631,32.61811935036537,0.00637889316506052
4.5,8.71634302158886,5.85981514441877,14.57615816600763,32.73655766993636,0.0063750241342174704
5.0,8.72321306495774,5.8166708471550015,14.539883912112742,32.85491072215587,0.006369489122331654
5.5,8.723854531347374,5.768744742790839,14.492599274138215,32.97317801639838,0.006362274059164154
6.000000000000001,8.718318063358623,5.715970439259399,14.434288502618022,33.091360671792785,0.006353376541537172
6.5,8.706691985316436,5.6583271568684195,14.365019142184856,33.20946150976154,0.006342806875943732
7.0,8.689102525546033,5.595848248218365,14.284950773764399,33.327485176124796,0.00633058941250067
7.499999999999999,8.665713296699138,5.528689350443552,14.194402647142692,33.44543934999457,0.0063167728648594185
8.0,8.636723946245674,5.4591199732824,14.095843919528074,33.56337160003723,0.006301733996510019
8.5,8.602368100547395,5.387651367108953,13.990019467656348,33.68129749095393,0.006285586466622366
9.0,8.562910409977402,5.312874005981702,13.875784415959103,33.79919746053298,0.006268155581048445
9.5,8.518642878266636,5.23437859962854,13.753021477895176,33.91707086250609,0.006249423443282343
10.0,8.469880475479433,5.1524744249522865,13.62235490043172,34.03493060903798,0.006229485305852006
10.5,8.41695613336374,5.067543622432389,13.48449975579613,34.152791054700906,0.006208450280120257
11.0,8.360215285019756,4.980009297335298,13.340224582355052,34.2706672591737,0.006186435635735327
11.5,8.300010226540206,4.890323666388095,13.190333892928301,34.388574625040576,0.006163564131611372
12.000000000000002,8.236694267108415,4.906501710569668,13.143195977678083,34.50852280261911,0.0061563714565548815
12.5,8.170616075371163,4.947605815319095,13.118221890690258,34.629017151301305,0.006152560713301124
13.0,8.102114373310993,4.986704874515328,13.088819247826322,34.749563925781,0.006148074226047716
13.5,8.031513036953093,5.023660267250249,13.055173304203343,34.87016554196295,0.006142940262482198
14.0,7.959116871747433,5.058352972971694,13.017469844719127,34.99082404488188,0.006137187171130236
14.500000000000002,7.8852081550197965,5.090686153107113,12.97589430812691,35.111541108476466,0.0061308432477000276
14.999999999999998,7.8100439856975274,5.120586859951401,12.930630845648928,34.99570646870424,0.0061239365914381285
15.5,7.733854374632582,5.1480068491131545,12.881861223745737,34.87486871301062,0.006116494937705341
16.0,7.656841262448834,5.172922501645472,12.829763764094306,34.75396952306331,0.006108545496230209
16.5,7.579178156378355,5.195333942837686,12.774512099216041,34.63300861442928,0.006100114761232915
17.0,7.501010596085614,5.215263453492147,12.71627404957776,34.5119860122113,0.006091228340084496
17.5,7.422456953921058,5.232753329910286,12.655210283831344,34.390902037423444,0.00608191074887563
18.0,7.343609920280132,5.247863340565946,12.591473260846078,34.269757289525465,0.0060721852509835915
18.5,7.264538150707612,5.2606679285642315,12.525206079271843,34.14855263314662,0.006062073681529515
19.0,7.18528822165219,5.271253319377577,12.456541541029766,34.02728918416357,0.0060515963044784175
19.5,7.10588668007001,5.279714647779754,12.385601327849763,33.90596829759691,0.006040771686988793
20.0,7.026342206043534,5.286153222107735,12.31249542815127,33.78459155513393,0.006029616611961557
20.5,6.946647678704603,5.290673997917757,12.237321676622361,33.663160754962135,0.006018146007785392
21.0,6.866782206005981,5.293383318670177,12.160165524676158,33.54167790166578,0.0060063729133111796
21.5,6.786713050947627,5.2943869614321715,12.0811000123798,33.420145196520686,0.005994308473568694
22.0,6.706397496890704,5.305548949012948,12.011946445903652,33.29834694773586,0.005983756476730903
22.5,6.625784383373675,5.321502617812519,11.947287001186194,33.1763870933034,0.005973890228452482
23.0,6.544815734364688,5.334915982376315,11.879731716741002,33.0544060984712,0.0059635821100984185
23.5,6.463428020235773,5.345915549454278,11.80934356969005,32.93240618489539,0.00595284173121491
24.000000000000004,6.381553475499626,5.354625203540062,11.736178679039687,32.81038966532886,0.005941677654882764
24.5,6.299121070317226,5.361165061771879,11.660286132089105,32.688358952858536,0.005930097371229415
25.0,6.216057592354909,5.36565060835774,11.581708200712649,32.56631656407948,0.005918107330431005
25.5,6.1322884144110725,5.368192075446061,11.500480489857132,32.44426512432762,0.005905712965371265
26.0,6.047738271609381,5.368894028961317,11.416632300570697,32.32220736941691,0.005892918747035322
26.5,5.962331928818798,5.367855134902848,11.330187063721645,32.20014614627837,0.005879728250689947
27.0,5.875994714770521,5.365168064520203,11.241162779290725,32.078084413484554,0.005866144222914233
27.5,5.788653076303159,5.360919514400409,11.149572590703569,31.95602523907979,0.005852168669235772
28.0,5.700234979034722,5.355190321966092,11.055425301000813,31.833971799159524,0.005837802932891968
28.500000000000004,5.610670235544072,5.34805564412229,10.958725879666362,31.71192737618998,0.0058230477721658855
29.000000000000004,5.519890915914167,5.339585191842835,10.859476107757002,31.5898953542579,0.005807903458825225
29.500000000000004,5.427831546165816,5.329843496375125,10.757675042540942,31.467879217115474,0.005792369849020528
29.999999999999996,5.334429352608204,5.318890198815772,10.653319551423976,31.34588254436388,0.005776446464755855
30.5,5.239624471531673,5.306780354659636,10.54640482619131,31.223909007418126,0.0057601325723558505
31.0,5.143360044466982,5.293564740660857,10.43692478512784,31.10196236697369,0.005743427243824437
31.5,5.045582418318786,5.279290158569671,10.324872576888456,30.980046468026714,0.005726329433729316
32.0,4.946241128444996,5.263999735698568,10.210240864143564,30.858165238442474,0.005708838022482842
32.5,4.845289102243901,5.247733212177535,10.093022314421436,30.736322683176986,0.005690951891238621
33.0,4.742682552883196,5.230527216065683,9.97320976894888,30.61452288399898,0.005672669947654551
33.5,4.638381139374328,5.212415525165308,9.850796664539637,30.492769994084362,0.005653991190267887
34.0,4.532347857137359,5.193429311003497,9.725777168140855,30.37106823754038,0.005634914729025398
34.5,4.4245490981542925,5.173597369244717,9.598146467399008,30.249421905674936,0.005615439829620208
35.0,4.314954610572434,5.152946330743622,9.467900941316056,30.1278353551625,0.0055955659395318675
35.5,4.203537433976404,5.131500860414634,9.335038294391037,30.006313006594638,0.005575292708494725
36.0,4.090273894031865,5.109283837237125,9.19955773126899,29.884859342018807,0.005554620015147244
36.5,3.9751435030494373,5.08631652230667,9.061460025356107,29.76347890421313,0.005533547977501846
37.0,3.8581289399891343,5.062618710633045,8.920747650622179,29.642176294586992,0.0055120769730563615
37.5,3.7392159317743774,5.0382088693610765,8.777424801135453,29.520956172986665,0.005490207641774817
38.0,3.6183932214922896,5.013104266507325,8.631497487999614,29.399823255912835,0.005467940900878846
38.5,3.495652452209127,4.9873210846096665,8.482973536818793,29.278782316450783,0.005445277944460874
39.0,3.3709881207936885,4.960874525126193,8.33186264591988,29.157838182961424,0.005422220252368145
39.5,3.2443974328591683,4.933778903729032,8.178176336588201,29.03699573968039,0.005398769582609282
40.0,3.115880292291597,4.90604773592473,8.021928028216326,28.916259924920855,0.0053749279828210934
40.5,2.9854391513172347,4.8776938124521045,7.863132963769339,28.79563573198698,0.005350697778895467
41.0,2.853078937160428,4.848729270547372,7.701808207707799,28.67512820869068,0.005326081574662443
41.5,2.718806984109193,4.819165654822758,7.537972638931951,28.55474245691886,0.00530108225081359
42.0,2.5826328946769577,4.789013975863025,7.3716468705399825,28.434483633524756,0.005275702952658077
42.5,2.4445685163182085,4.758284757852365,7.2028532741705735,28.314356949257,0.005249947093837061
43.0,2.304627802372811,4.726988087405558,7.031615889778369,28.19436766979604,0.0052238183425565125
43.5,2.1628267331752875,4.69513365182079,6.857960384996077,28.0745211158617,0.005197320615386363
44.0,2.0191832611014857,4.662730777904559,6.681914039006045,27.95482266286176,0.005170458074799505
44.5,1.8737171970173843,4.6297884646647685,6.503505661682153,27.835277741741926,0.005143235116833823
45.0,1.726450119486679,4.596315414276444,6.322765533763123,27.71589183945087,0.005115656361963365
45.5,1.5774053378673143,4.562320058867202,6.139725396734517,27.596670498492017,0.00508772665355446
46.0,1.4266077831628037,4.527810586868397,5.954418370031201,27.477619317835714,0.00505945104523181
46.5,1.27408394074254,4.492794967120001,5.766878907862541,27.358743953110537,0.005030834794290548
47.0,1.1198617685855963,4.457280970923816,5.577142739509412,27.240050117118667,0.005001883352586274
47.5,0.9639706442833242,4.421276194256548,5.385246838539873,27.12154357983401,0.004972602361837748
48.00000000000001,0.8064412799718372,4.384788080956432,5.191229360928269,27.00323016899737,0.0049429976441846095
48.5,0.6473056679277343,4.3478239440425375,4.995129611970272,26.88511577019985,0.004913075197139017
49.0,0.48659699779347276,4.310390992404631,4.7969879901981045,26.767206327416112,0.004882841185027786
49.5,0.32434962170573733,4.272496359655181,4.596845981360918,26.64950784263299,0.004852301938073869
50.0,0.16059897682825763,4.234147137260111,4.394746114088369,26.532026376214127,0.004821463945631159
50.5,-0.004618462189815098,4.195350419843976,4.190731957654161,26.41476804650913,0.004790333855843224
51.0,-0.17126524776488683,4.156113360251066,3.984848112486179,26.297739029623344,0.004758918474195278
51.5,-0.33930302586378236,4.1164432505919155,3.777140224728133,26.18094555876804,0.004727224765736103
52.0,-0.5086925577478354,4.076347630679177,3.567655072931341,26.064393922299825,0.004695259868306173
52.50000000000001,-0.6793937823636309,4.035834453431116,3.3564406710674852,25.948090461484092,0.004663031108256145
53.0,-0.8513658583749208,3.9949123359422054,3.1435464775672846,25.832041566319614,0.004630546032343639
53.5,-1.0245672277525557,3.953590959738121,2.9290237319855654,25.716253669023153,0.004597812459104242
54.0,-1.1989556659394474,3.911881737908121,2.7129260719686736,25.600733232343625,0.004564838572993266
54.5,-1.3744882730893462,3.869798979712868,2.495310706623522,25.485486727585336,0.004531633103427661
55.0,-1.5511215627139991,3.8273620589638426,2.2762404962498435,25.370520595851218,0.004498205642127965
55.5,-1.7288115020187584,3.78459973117777,2.0557882291590115,25.255841168570917,0.004464567295709076
56.0,-1.9075135185556995,3.7415595057858555,1.834045987230156,25.14145449369318,0.004430732114750694
56.5,-2.087182565135957,3.698330074972715,1.611147509836758,25.027365920870352,0.004396720506261711
57.00000000000001,-2.267773152893146,3.6551004627236816,1.3873273098305354,24.913579005161345,0.004362568254063496
57.5,-2.4492393489489714,3.6123193208666264,1.163079971917655,24.80009255304289,0.004328350825793098
58.00000000000001,-2.631534855657649,3.571037100211477,0.9395022445538279,24.68689427884512,0.00429423557198392
58.5,-2.814613060979415,3.533478240636102,0.718865179656687,24.573950195322258,0.004260569027657575
59.00000000000001,-2.9984269707441387,3.501700077903224,0.5032731071590852,24.46122948018366,0.004227672288079694
59.5,-3.1829293457041326,3.478923686674839,0.29599434097070665,24.34867980149492,0.004196044058375656
59.99999999999999,-3.3680726741934963,3.481018287945676,0.1129456137521796,24.236014356770692,0.00416811303920779
60.5,-3.5538092271883306,3.52272150344397,0.0,24.122390923687238,0.004150878906249999
61.0,-3.7400910544604278,3.5829024426664313,0.0,24.007023551500872,0.004150878906249999
61.50000000000001,-3.9268700559807383,3.6444705203844587,0.0,23.892015210553872,0.004150878906249999
62.0,-4.1140979599234635,3.7066974090390135,0.0,23.7773745463134,0.004150878906249999
62.50000000000001,-4.301726391576558,3.769424998973748,0.0,23.663110279040914,0.004150878906249999
63.0,-4.489706876840562,3.8325834719088476,0.0,23.549231203999007,0.004150878906249999
63.50000000000001,-4.677990867062651,3.896133539148685,0.0,23.43574619168032,0.004150878906249999
64.0,-4.866529769284275,3.9600492210510168,0.0,23.322664188058685,0.004150878906249999
64.5,-5.055274994105844,4.02431122282814,0.0,23.209994214862288,0.004150878906249999
65.0,-5.244177918482126,4.088903955917838,0.0,23.097745369868168,0.004150878906249999
65.5,-5.433189966510513,4.163166496148563,0.0,22.98592682721796,0.004150878906249999
66.0,-5.622262616463282,4.243565032654916,0.0,22.87454783775488,0.004150878906249999
66.5,-5.811347445443865,4.324597013288645,0.0,22.763617729380837,0.004150878906249999
67.0,-6.000396099087031,4.406253478516566,0.0,22.653145907434254,0.004150878906249999
67.5,-6.189360358201781,4.488525996954238,0.0,22.54314185508776,0.004150878906249999
68.0,-6.378192149525296,4.571406552580022,0.0,22.43361513376562,0.004150878906249999
68.5,-6.56684361245064,4.6548874654815995,0.0,22.32457538358058,0.004150878906249999
69.0,-6.755267020936859,4.738961337634997,0.0,22.216032323789776,0.004150878906249999
69.5,-6.943414913873279,4.823621016117115,0.0,22.10799575326957,0.004150878906249999
70.0,-7.131240077093623,4.908859565449618,0.0,22.000475551008716,0.004150878906249999
70.5,-7.318695550442324,4.994670249898481,0.0,21.893481676619892,0.004150878906249999
71.0,-7.505734693930437,5.081046515938025,0.0,21.787024170868985,0.004150878906249999
71.5,-7.69231118554913,5.16798198210743,0.0,21.681113156222025,0.004150878906249999
72.0,-7.8783790356790515,5.2554704331808235,0.0,21.575758837409357,0.004150878906249999
72.5,-8.06389264998758,5.343505810088807,0.0,21.4709715020069,0.004150878906249999
73.0,-8.24880683309036,5.4320822072269905,0.0,21.36676152103377,0.004150878906249999
73.5,-8.43307682710466,5.521193867131143,0.0,21.26313934956659,0.004150878906249999
74.0,-8.616658326383337,5.610835177816309,0.0,21.160115527369438,0.004150878906249999
74.5,-8.799507516750536,5.701000670005079,0.0,21.057700679539685,0.004150878906249999
75.0,-8.981581098026618,5.791685013850709,0.0,20.955905517169242,0.004150878906249999
75.5,-9.162836315858936,5.882883017957029,0.0,20.85474083802051,0.004150878906249999
76.0,-9.343231018271283,5.974589627364279,0.0,20.754217527217175,0.004150878906249999
76.5,-9.522723621577295,6.0667999203752,0.0,20.65434655794936,0.004150878906249999
77.0,-9.701273214559652,6.159509110228284,0.0,20.555138992192504,0.004150878906249999
77.5,-9.87883955197291,6.252712540409099,0.0,20.456605981439896,0.004150878906249999
78.0,-10.05538311010417,6.346405684675776,0.0,20.35875876744836,0.004150878906249999
78.5,-10.230865089417247,6.440584144850062,0.0,20.261608682996684,0.004150878906249999
79.0,-10.405247457782558,6.5352436516552785,0.0,20.165167152656455,0.004150878906249999
79.5,-10.578493049212305,6.630380060632208,0.0,20.069445693574554,0.004150878906249999
80.0,-10.750565501079882,6.725989352034738,0.0,19.97445591626753,0.004150878906249999
80.5,-10.921429370374122,6.822067629846599,0.0,19.880209525426718,0.004150878906249999
81.0,-11.09105014200827,6.918611118670511,0.0,19.786718320733726,0.004150878906249999
81.5,-11.259394245505323,7.01561616441114,0.0,19.693994197686436,0.004150878906249999
82.0,-11.426429176145529,7.113079230740914,0.0,19.60204914843397,0.004150878906249999
82.5,-11.592123428091291,7.210996899106891,0.0,19.510895262620927,0.004150878906249999
83.0,-11.756446644606713,7.30936586677133,0.0,19.42054472824001,0.004150878906249999
83.5,-11.919369591253494,7.408182944007682,0.0,19.331009832492068,0.004150878906249999
84.0,-12.080864241952078,7.507445054587625,0.0,19.242302962653856,0.004150878906249999
84.5,-12.240903795359255,7.607149231855732,0.0,19.15443660695166,0.004150878906249999
85.0,-12.399462739425108,7.707292617705541,0.0,19.067423355441292,0.004150878906249999
85.5,-12.556516937079927,7.807872462719292,0.0,18.98127590089261,0.004150878906249999
86.0,-12.712043596149602,7.908886119520626,0.0,18.896007039678835,0.004150878906249999
86.5,-12.86602140602535,8.010331046335253,0.0,18.811629672668865,0.004150878906249999
87.0,-13.018430554608749,8.112204801219425,0.0,18.72815680612259,0.004150878906249999
87.5,-13.169252785229775,8.214505040676398,0.0,18.645601552587827,0.004150878906249999
88.0,-13.31847144947468,8.317229519935712,0.0,18.56397713179799,0.004150878906249999
88.5,-13.466071586993662,8.420376086026572,0.0,18.483296871569564,0.004150878906249999
89.0,-13.612039976285727,8.523942681557216,0.0,18.403574208698547,0.004150878906249999
89.5,-13.75636519613067,8.627927336655208,0.0,18.324822689854187,0.004150878906249999
90.0,-13.899037696082871,8.732328170857425,0.0,18.247055972469575,0.004150878906249999
90.5,-14.040049859517923,8.83714338676282,0.0,18.170287825627216,0.004150878906249999
91.0,-14.179396063905504,8.942371272695324,0.0,18.09453213093885,0.004150878906249999
91.5,-14.317072750500891,9.048010194622027,0.0,18.01980288341758,0.004150878906249999
92.0,-14.45307854172404,9.154058596506003,0.0,17.94611419234143,0.004150878906249999
92.5,-14.587414251758402,9.260514998064131,0.0,17.873480282106616,0.004150878906249999
93.0,-14.72008298752683,9.367377989576125,0.0,17.80191549306859,0.004150878906249999
93.5,-14.851090262415,9.474646232098385,0.0,17.731434282369882,0.004150878906249999
94.0,-14.980443986688174,9.58231845024258,0.0,17.66205122475224,0.004150878906249999
94.5,-15.108154659799478,9.690393433723319,0.0,17.59378101335191,0.004150878906249999
95.0,-15.234235374221708,9.79887003096752,0.0,17.52663846047536,0.004150878906249999
95.22765464348682,-15.291105266693812,9.84839319243604,0.0,17.49644547929048,0.004150878906249999
95.22766610264271,21.585070071655274,10.932859665223253,32.51792973687853,16.145841720971006,0.009112721212292254
95.5,21.428812167977718,10.876533903715153,32.30534607169287,16.166962651784488,0.00908028351924024
96.00000000000001,21.143650592317073,10.773734019186062,31.917384611503135,16.20658272769249,0.009021085298386095
96.5,20.860690601845686,10.671719645881517,31.532410247727203,16.247281571152733,0.008962342872272825
97.0,20.57989662874696,10.570480958204044,31.150377586951002,16.28904519251287,0.008904049314415128
97.5,20.301235443819216,10.470008228492357,30.771243672311574,16.33185978013847,0.0088461980701159
98.0,20.02467609600985,10.370291826041708,30.394967922051556,16.37571169917318,0.008788782947090382
98.5,19.750189852689015,10.271322217471209,30.021512070160224,16.420587490304488,0.008731798106408721
99.0,19.477750133398125,10.173089963092313,29.650840096490438,16.466473868303243,0.008675238051832644
99.5,19.20733249129445,10.075585721769372,29.282918213063823,16.51335772157556,0.008619097627725801
100.0,18.93891451046391,9.978800243752572,28.917714754216483,16.56122610990402,0.008563372002291332
100.50000000000001,18.672475814900668,9.882724375453936,28.555200190354604,16.61006626445541,0.008508056669670803
101.0,18.40799796688853,9.787349057305256,28.195347024193786,16.659865585584406,0.008453147434111598
101.5,18.145464410854437,9.692665320963497,27.838129731817936,16.710611641446192,0.008398640400973193
102.0,17.884860486915898,9.598664291782471,27.483524778698367,16.762292167977186,0.008344531979171501
102.5,17.62617331851459,9.505337187514254,27.131510506028842,16.81489506645151,0.008290818863834964
103.0,17.369391781047227,9.412675316696138,26.782067097743365,16.868408402514486,0.008237498031271873
103.5,17.114506458743023,9.320670079589005,26.43517653833203,16.922820405028425,0.008184566732533571
104.0,16.861509623514753,9.229312967662569,26.09082259117732,16.978119465282475,0.008132022490108842
104.5,16.61039512109485,9.13859556209215,25.748990683187,17.03429413444978,0.00807986308032028
105.00000000000001,16.361158410977175,9.048509532576722,25.4096679435539,17.091333123888717,0.008028086539238569
105.5,16.113796454221333,8.95904664176922,25.072843095990553,17.149225302713827,0.007976691146238791
106.0,15.86830770371282,8.87019873788092,24.73850644159374,17.20795969703507,0.00792567542138576
106.5,15.624692055219642,8.781957759462093,24.406649814681735,17.267525488684765,0.00787503811869533
107.0,15.38295081381759,8.694315732308526,24.07726654612612,17.32791201407296,0.007824778220539261
107.5,15.143086629457493,8.607264771366541,23.750351400824034,17.389108762553207,0.007774894928104251
108.0,14.905103480131375,8.520797077109162,23.42590055724054,17.45110537555981,0.007725387658270343
108.5,14.669006618740225,8.434904938328746,23.10391155706897,17.513891645182234,0.007676256035929711
109.0,14.434802545677972,8.34958072974049,22.784383275418463,17.57745751311238,0.00762749988943763
109.50000000000001,14.202498982131335,8.264816911657547,22.467315893788882,17.641793069636215,0.00757911924648878
110.0,13.972104772594903,8.180606031200346,22.15271080379525,17.70688855133445,0.007531114319426763
110.5,13.74362995458764,8.096940719616207,21.840570674203846,17.772734341805187,0.0074834855154729965
111.0,13.51708561073356,8.013813693761437,21.530899304494994,17.83932096842193,0.007436233414382168
111.5,13.292483917843082,7.931217754463807,21.223701672306888,17.9066391026812,0.0073893587756815905
112.0,13.069838077296481,7.849145787093596,20.91898386439008,17.97467955838473,0.007342862528135691
112.5,12.84916226671722,7.767590759940802,20.616753026658024,18.043433290170512,0.007296745762124329
113.0,12.630471664501632,7.686545724723633,20.317017389225263,18.112891393429425,0.007251009733463326
113.5,12.413782340156173,7.606003816172184,20.019786156328358,18.18304510171167,0.007205655846607718
114.00000000000001,12.199111306870321,7.525958251567712,19.725069558438033,18.25388578713609,0.007160685662603457
114.5,11.986476402770577,7.446402330111514,19.43287873288209,18.325404957614737,0.007116100880871899
115.0,11.775896352936691,7.367329431675185,19.143225784611875,18.39759425741369,0.007071903348482035
115.49999999999999,11.567390659902825,7.288733019468064,18.85612367937089,18.470445464601102,0.0070280950438493155
116.00000000000001,11.360979627238137,7.210606635644083,18.57158626288222,18.543950490827715,0.006984678079663423
116.5,11.156684307080464,7.13294390367661,18.289628210757073,18.618101379817954,0.006941654695244912
117.0,10.954526491325055,7.055738526917772,18.010265018242826,18.69289030659485,0.006899027254980898
117.5,10.754528655077218,6.978984289966099,17.733512945043316,18.768309575866972,0.006856798239905289
118.00000000000001,10.556713957309134,6.902675055227089,17.45938901253622,18.844351621381666,0.006814970247274202
118.50000000000001,10.361106207638624,6.826804765989805,17.18791097362843,18.921009004765533,0.006773545985966249
119.0,10.167729831293224,6.751367443664654,16.919097274957878,18.998274414217203,0.006732528270715007
119.5,9.976609862664308,6.676357189074649,16.652967051738955,19.076140663799542,0.00669192002132247
119.99999999999999,9.787771881953072,6.60176818195907,16.389540063912143,19.15460069163674,0.006651724252916279
120.50000000000001,9.601242054710056,6.527594681486322,16.128836736196376,19.233647560031606,0.006611944082061213
121.0,9.41704703690267,6.453831024343009,15.870878061245678,19.313274453036968,0.006572582711982065
121.5,9.235213989789685,6.3804716275740905,15.615685617363775,19.3934746761437,0.006533643435266687
122.0,9.055770570326196,6.307510986811714,15.36328155713791,19.474241655421512,0.0064951296321316375
122.50000000000001,8.878744862438616,6.234943677735869,15.113688540174484,19.555568935614172,0.006457044760158458
123.00000000000001,8.70416538853529,6.162764356905395,14.866929745440686,19.63745017970175,0.006419392356176861
123.5,8.532061067384639,6.096601876593311,14.62866294397795,19.719983643278177,0.006383035727535696
124.0,8.3624612222542,6.048749081621847,14.411210303876047,19.80339126998425,0.00634985508787171
124.49999999999999,8.195395495520806,6.001282687809818,14.196678183330624,19.887334805137822,0.006317120084126375
125.00000000000001,8.030893893050397,5.9541967074159885,13.985090600466386,19.971808354829573,0.006284834381174678
125.5,7.868986739548127,5.907485240943897,13.776471980492024,20.0568061378106,0.006253001706007693
126.0,7.709704600075378,5.8611424787937185,13.570847078869097,20.142322483331565,0.006221625836009077
126.5,7.5530783469990626,5.815162706258409,13.36824105325747,20.228351831726762,0.0061907106099330835
127.00000000000001,7.399139097263344,5.769540310412217,13.168679407675562,20.31488873261372,0.006160259919384087
127.50000000000001,7.247918146269095,5.72426979128492,12.972187937554015,20.401927843093258,0.006130277700432434
128.0,7.099446994970878,5.679345776261254,12.778792771232132,20.48946392772135,0.0061007679399463065
128.5,6.953757338175269,5.634763048207462,12.588520386382731,20.57749185799875,0.006071734678097949
129.0,6.810880979045094,5.590516583115621,12.401397562160714,20.66600661064954,0.006043182001062119
129.5,6.670849858627886,5.546601615377256,12.217451474005141,20.755003268526014,0.00601511405548174
130.0,6.5336959979315195,5.503013741299355,12.036709739230876,20.84447702058026,0.0059875350554246315
130.5,6.3994514838564225,5.459749097272261,11.859200581128682,20.934423164011786,0.0059604493074231985
131.0,6.268148451175675,5.416804683327227,11.684953134502901,21.024837109015483,0.005933861257095778
131.5,6.13981902524889,5.374178982286663,11.513998007535553,21.115714388258887,0.005907775574880302
132.0,6.014495338817264,5.331873254980845,11.34636859379811,21.207050680245434,0.0058821973562314
132.5,5.892209457646738,5.289894579820675,11.182104037467413,21.29884186330762,0.005857132574076447
133.0,5.772993359734959,5.248264168790872,11.02125752852583,21.39108416840985,0.005832589344562655
133.5,5.656878945355379,5.207046171258076,10.863925116613455,21.48377471240928,0.005808582323702002
134.0,5.543897949117296,5.167030171079857,10.710928120197153,21.576924151188503,0.005785236834746878
134.5,5.4340819442723856,5.131868847949015,10.5659507922214,21.670596318213793,0.005763115050082609
135.0,5.3274622799949425,5.118796340845331,10.446258620840274,21.765106977488006,0.005744851474127238
135.5,5.224070076898833,5.119696470154813,10.343766547053647,21.8603018934697,0.005729212424782353
136.0,5.123936170341253,5.122187639983049,10.246123810324303,21.95594781529004,0.005714313325549972
136.5,5.027091078758168,5.124939271201858,10.152030349960025,22.052016494197176,0.005699955802911379
137.0,4.933564954396447,5.127696030203512,10.061260984599958,22.148499696313174,0.0056861054969177165
137.5,4.843387550282947,5.130386963261702,9.97377451354465,22.245392681000684,0.005672756120841162
138.0,4.75658817862703,5.132989383568422,9.889577562195452,22.342691674740003,0.005659908685637732
138.5,4.673195673502009,5.13559137089919,9.8087870444012,22.440395028005653,0.005647581030945006
139.0,4.593238322363967,5.1387857392421745,9.732024061606142,22.538510518078933,0.005635867929322224
139.5,4.516743829622253,5.141990814286004,9.658734643908257,22.63702420834972,0.00562468485167057
140.0,4.443739259614792,5.1452446637567935,9.588983923371586,22.735933716936024,0.005614041736354306
140.5,4.374251011768477,5.148561162316778,9.522812174085255,22.835236273897948,0.005603944728711737
141.0,4.308304733147659,5.151921525256151,9.46022625840381,22.934928561019802,0.005594394875855072
141.5,4.245925269215315,5.155292542164468,9.401217811379784,23.035007047364626,0.005585390901394619
142.0,4.187136614006119,5.158645733288547,9.345782347294666,23.13546834188185,0.005576932120864052
142.5,4.1319618355078,5.161963842961852,9.293925678469652,23.236309310693862,0.005569019421153205
143.0,4.080423026581727,5.165240889847145,9.245663916428871,23.33752707533036,0.005561655260685557
143.5,4.032541220815166,5.168482228065953,9.20102344888112,23.439119010466147,0.005554843665905931
144.0,3.9883363351496306,5.171707533355348,9.160043868504978,23.541082796346725,0.005548590678177637
144.5,3.9478270778063864,5.174959204407431,9.122786282213816,23.643416570938317,0.005542905621675691
145.0,3.9110309281726137,5.178320689278673,9.089351617451285,23.74611926740737,0.005537803896705822
145.5,3.877963954374823,5.181950773019622,9.059914727394446,23.8491912445171,0.005533312183745489
146.0,3.8486408314328697,5.186123041639417,9.034763873072286,23.95263501668167,0.005529474467937054
146.5,3.8230747313305407,5.191177415535197,9.014252146865738,24.056454351061397,0.0055263446269021195
147.0,3.801277176972278,5.19727197340481,8.998549150377087,24.160649660640143,0.005523948539791424
147.5,3.7832580340099895,5.204238609346726,8.987496643356716,24.26521532523437,0.0055222620610590675
148.0,3.7690253393938242,5.2117994673991,8.980824806792924,24.370143699479534,0.005521244019591204
148.5,3.7585852621216524,5.2197507607524205,8.978336022874073,24.475428518421307,0.005520864261302804
149.0,3.75194198108165,5.227974854536859,8.979916835618509,24.58106511694057,0.005521105474184951
149.5,3.749097539762118,5.236407097895846,8.985504637657964,24.68704980960145,0.005521958105111383
150.0,3.750051800571881,5.245011458719936,8.995063259291816,24.79337943553568,0.005523416635023774
150.5,3.75480228220077,5.253767354311615,9.008569636512384,24.900051108727954,0.005525477544633846
151.0,3.7633440797559468,5.262662865544274,9.026006945300221,25.007062088169445,0.005528138266799959
151.5,3.775669696287816,5.271691176094872,9.047360872382688,25.114409706135884,0.005531396617490032
152.0,3.791768957369668,5.280848624184083,9.07261758155375,25.222091327873255,0.005535250485466574
152.5,3.8116288845957853,5.290133592779453,9.101762477375239,25.330104326039603,0.00553969764364246
153.0,3.835233526396782,5.299545848577844,9.134779374974626,25.438446062649668,0.005544735622402133
153.5,3.8625638406516365,5.309086129865932,9.171649970517569,25.54711387657201,0.005550361628802117
154.0,3.893597565491834,5.318755881040806,9.21235344653264,25.656105073507707,0.005556572486348363
154.5,3.928309086097001,5.329607914104315,9.257917000201317,25.76543640367481,0.005563524932892045
155.0,3.9666692187575845,5.341476493254694,9.308145712012278,25.875101963051865,0.005571189226076091
155.5,4.008645131189164,5.35351078630501,9.362155917494174,25.985083081190837,0.005579430529402796
156.0,4.054200209687192,5.3657139111255,9.419914120812692,26.095376855231706,0.0055882437318134585
156.5,4.10329379447171,5.378089132771038,9.481382927242748,26.20598030983881,0.005597623127325857
157.0,4.155881109426023,5.3906398026668905,9.546520912092912,26.316890392067563,0.005607562395033707
157.5,4.211913064238217,5.403369301129327,9.615282365367545,26.428103963951138,0.005618054560145192
158.0,4.271336130326902,5.416280983462797,9.687617113789699,26.53961779655379,0.005629091966825819
158.5,4.334092097806045,5.429378124579583,9.763470222385628,26.651428561832862,0.005640666232663821
159.0,4.400117986647514,5.442663862063246,9.84278184871076,26.763532827382583,0.005652768226426811
159.5,4.469345810535,5.456141147911713,9.925486958446712,26.875927048669425,0.005665388024665329
160.0,4.541702454580859,5.469812708856525,10.011515163437384,26.988607563611804,0.00567851488699911
160.5,4.617109478598412,5.48368106059052,10.100790539188932,27.1015705868646,0.005692137228269794
161.0,4.695482949442125,5.4977487363938975,10.193231685836022,27.214812208718133,0.005706242627843629
161.5,4.77673327376619,5.512019693773906,10.288752967540097,27.328328415962496,0.005720818018728651
162.0,4.860765011349757,5.526517630724555,10.387282642074313,27.442115426082907,0.005735852453929794
162.5,4.94747673369566,5.5419441641304905,10.48942089782615,27.55618188767006,0.005751437514927084
163.0,5.0367608294644555,5.558164661141537,10.594925490605991,27.670520797298362,0.00576753623819061
163.5,5.128503387643452,5.575982185710901,10.704485573354352,27.785142390834636,0.005784253780113883
164.0,5.222583976768755,5.59569225674233,10.818276233511085,27.90004733835335,0.005801616856920024
164.5,5.318875527744442,5.617401079036123,10.936276606780565,28.01523264199403,0.005819622284970177
165.0,5.417244227734955,5.639006479057038,11.056250706791992,28.13065419276224,0.005837928879820554
165.5,5.517549300477661,5.660484020154161,11.178033320631823,28.246306245203527,0.005856511431981172
166.0,5.619642964033811,5.681822298333598,11.301465262367408,28.36218312965987,0.005875345651606353
166.5,5.723370244229195,5.703009099275755,11.426379343504951,28.478278992187388,0.005894406027756491
167.0,5.828568932791828,5.724030201690232,11.55259913448206,28.59458777202085,0.005913665639416817
167.5,5.935069488252852,5.744868905933687,11.67993839418654,28.711103191816026,0.005933096068448872
168.0,6.042694921360486,5.765505679696485,11.80820060105697,28.827818750199224,0.005952667328042139
168.5,6.151260838823806,5.785917810478528,11.937178649302334,28.944727717839097,0.005972347816360828
169.0,6.260575330899831,5.806079054523039,12.06665438542287,29.061823131055128,0.005992104245822579
169.5,6.370439034931811,5.825959261833246,12.196398296765057,29.179097788783437,0.006011901595575721
170.0,6.480645164706581,5.845523974810796,12.326169139517376,29.296544248999314,0.006031703054735926
170.5,6.590979558256743,5.864734006275516,12.45571356453226,29.41415482572217,0.006051469965291176
171.0,6.701220803551321,5.883544987072664,12.584765790623985,29.531921587567496,0.006071161772250973
171.5,6.811140381571069,5.901906890426188,12.713047271997258,29.649836356901435,0.0060907359728999706
172.0,6.920502898940995,5.919763529299374,12.84026642824037,29.76789071091218,0.0061101480755982
172.5,7.029066306515009,5.937052034629993,12.966118341145002,29.886075982864554,0.006129351553519438
173.0,7.136582249067032,5.953702311798134,13.090284560865165,30.00438326622405,0.006148297815073418
173.5,7.242796458185554,5.969636486595782,13.212432944781336,30.122803420265754,0.006166936179318439
174.0,7.347449190136997,5.98476834453735,13.332217534674346,30.241327077304565,0.006185213857219594
174.5,7.450275796240939,5.999002769463985,13.449278565704924,30.3599446533056,0.006203075953018939
175.0,7.551007367636149,6.0122351998365025,13.563242567472653,30.478646361152627,0.006220465479655859
175.5,7.649371494733893,6.024351113073704,13.673722607807598,30.59742222751504,0.006237323395966733
176.0,7.745093102963301,6.035225553859927,13.780318656823228,30.716262112881243,0.006253588662234987
176.5,7.837895425534014,6.0447227371997965,13.88261816273381,30.835155736418344,0.006269198328053863
177.0,7.927501142783751,6.05269573782985,13.980196880613601,30.95409270635972,0.0062840876587850324
177.5,8.01363363575509,6.058986308236137,14.072619943991228,31.073062555639503,0.0062981902990709255
178.0,8.096018333104869,6.063424858869697,14.159443191974566,31.192054782880145,0.006311438475337914
178.5,8.174384298983334,6.065830630810508,14.240214929793842,31.311058901860786,0.006323763264433874
179.0,8.248465962929798,6.0660121168666254,14.314478079796423,31.430064498450324,0.006335094921843934
179.5,8.31800493145887,6.06376777122127,14.38177270268014,31.54906129435965,0.0063453632664001655
180.0,8.382752085870141,6.058887060007157,14.441639145877298,31.668039222148693,0.0063544981606868415
180.5,8.442469735495017,6.051151903172059,14.493621638667076,31.786988507755275,0.006362430059611062
181.0,8.496933947920894,6.040338562338075,14.537272510258969,31.90589976336522,0.006369090654031213
181.5,8.545937048269955,6.026220008441505,14.572157056711461,32.02476409059741,0.006374413613389809
182.0,8.589290136847223,6.008568819112645,14.597858955959868,32.14357319157698,0.00637833541198118
182.5,8.62682577745321,5.987160621669147,14.613986399122357,32.26231949041393,0.006380796264514518
183.0,8.658400609438804,5.961778083090079,14.620178692528881,32.380996259906176,0.006381741133503551
183.5,8.683898042374615,5.9322154418064885,14.616113484181103,32.49959775568491,0.006381120831936812
184.0,8.703230724105222,5.898283522129935,14.601514246235157,32.61811935035969,0.006378893165013908
184.5,8.71634302159758,5.859815144639793,14.576158166237374,32.73655766994064,0.0063750241342525275
185.0,8.723213064774315,5.816670847171537,14.539883911945852,32.85491072215276,0.0063694891223061885
185.5,8.723854531245049,5.768744742692957,14.492599273938005,32.97317801639466,0.0063622740591336045
186.0,8.718318063058305,5.715970439147487,14.434288502205792,33.09136067178514,0.006353376541474271
186.5,8.706691979883768,5.6583271571296105,14.365019137013379,33.209461509665644,0.006342806875154627
187.0,8.689102530496363,5.595848248126823,14.284950778623188,33.327485176214886,0.006330589413242061
187.5,8.66571329674225,5.528689350402884,14.194402647145134,33.44543934999461,0.006316772864859791
188.0,8.636723946459064,5.459119973131159,14.095843919590223,33.56337160003838,0.006301733996519502
188.5,8.602368099938325,5.3876513671439135,13.990019467082238,33.68129749094328,0.006285586466534763
189.0,8.562910409833432,5.312874005972079,13.87578441580551,33.79919746053013,0.006268155581025009
189.5,8.518642873288528,5.234378599608993,13.75302147289752,33.91707086241341,0.006249423442519762
190.0,8.469880480829119,5.152474424752418,13.622354905581536,34.034930609133504,0.006229485306637805
190.5,8.416956132892729,5.067543622698031,13.48449975559076,34.1527910546971,0.00620845028008892
191.0,8.360215285089177,4.980009297270992,13.340224582360168,34.27066725917377,0.0061864356357361075
191.5,8.300010231960847,4.8903236658402784,13.190333897801125,34.38857462513093,0.006163564132354906
192.00000000000003,8.236694267341502,4.906501710535691,13.143195977877193,34.50852280262278,0.006156371456585264
192.5,8.170616074961554,4.947605815260344,13.118221890221898,34.62901715129262,0.006152560713229658
193.0,8.10211437826829,4.986704874694535,13.088819252962825,34.74956392587625,0.006148074226831484
193.5,8.03151302636691,5.0236602667932,13.055173293160111,34.87016554175817,0.006142940260797134
194.0,7.959116871553036,5.058352972745236,13.017469844298272,34.99082404487408,0.006137187171066019
194.5,7.885208150067997,5.09068615323287,12.975894303300866,35.11154110838697,0.006130843246963631
195.0,7.81004398032844,5.120586859663625,12.930630839992066,34.99570646880914,0.0061239365905749596
195.5,7.733854378935432,5.148006848830462,12.881861227765894,34.87486871293606,0.006116494938318769
196.0,7.656841257155008,5.172922501601015,12.829763758756023,34.753969523162326,0.006108545495415651
196.50000000000003,7.57917815594096,5.195333942483785,12.774512098424745,34.63300861444396,0.006100114761112172
197.0,7.501010591081557,5.2152634534908575,12.716274044572415,34.51198601230415,0.0060912283393207405
197.5,7.422456948579758,5.232753330008265,12.655210278588022,34.3909020375207,0.006081910748075563
198.0,7.3436099152081304,5.247863340714782,12.591473255922914,34.26975728961676,0.006072185250232376
198.5,7.264538150353568,5.260667928703728,12.525206079057295,34.14855263315063,0.006062073681496778
199.0,7.18528822163208,5.271253319374962,12.456541541007041,34.02728918416401,0.00605159630447495
199.5,7.105886679656743,5.2797146477416605,12.385601327398405,33.905968297605284,0.0060407716869199215
200.0,7.026342210711403,5.2861532220782665,12.31249543278967,33.78459155504795,0.0060296166126693205
200.5,6.946647678816435,5.290673998160132,12.237321676976567,33.66316075495556,0.00601814600783944
201.00000000000003,6.866782200809355,5.293383318546207,12.160165519355562,33.54167790176442,0.006006372912499321
201.5,6.786713051168334,5.294386961701921,12.081100012870255,33.420145196511584,0.005994308473643531
202.0,6.70639749721733,5.305548949031454,12.011946446248785,33.29834694772946,0.0059837564767835656
202.5,6.625784388061315,5.321502617740305,11.94728700580162,33.17638709321782,0.0059738902291567395
203.0,6.5448157343698234,5.334915982598225,11.879731716968049,33.05440609846701,0.005963582110133063
203.5,6.4634280196796645,5.345915549324676,11.80934356900434,32.93240618490812,0.0059528417311102795
204.0,6.38155347070494,5.354625203593373,11.736178674298312,32.81038966541677,0.005941677654159287
204.5,6.299121070431237,5.36116506182252,11.660286132253757,32.68835895285547,0.005930097371254539
205.0,6.216057592440783,5.365650608369474,11.581708200810258,32.566316564077674,0.0059181073304458995
205.50000000000003,6.132288413898427,5.368192075269232,11.500480489167659,32.4442651243404,0.005905712965266059
206.0,6.04773826661298,5.368894028859687,11.416632295472667,32.32220736951146,0.0058929187462574235
206.5,5.962331928201636,5.367855134672899,11.330187062874536,32.2001461462941,0.0058797282505606875
207.0,5.875994724439928,5.365168064553877,11.241162788993805,32.07808441330463,0.005866144224394805
207.5,5.788653081466169,5.360919514510659,11.149572595976828,31.956025238982008,0.005852168670040408
208.0,5.700234978746782,5.355190321811574,11.055425300558356,31.833971799167735,0.005837802932824454
208.5,5.610670240499881,5.3480556440299445,10.958725884529827,31.711927376099815,0.0058230477729079915
209.0,5.519890915384709,5.33958519166657,10.859476107051279,31.589895354271007,0.00580790345871754
209.5,5.427831546126713,5.3298434963514145,10.757675042478127,31.46787921711671,0.0057923698490109435
210.00000000000003,5.334429357346623,5.318890198817366,10.65331955616399,31.345882544275984,0.0057764464654791224
210.5,5.239624471414014,5.3067803547185655,10.54640482613258,31.223909007419195,0.005760132572346889
211.0,5.143360044452007,5.293564740724154,10.43692478517616,31.1019623669728,0.00574342724383181
211.5,5.045582413748104,5.279290158724998,10.324872572473101,30.980046468108597,0.005726329433055586
212.0,4.946241128381411,5.263999735566354,10.210240863947764,30.858165238446087,0.005708838022452966
212.5,4.845289102088605,5.247733212168466,10.093022314257071,30.73632268318004,0.00569095189121354
213.0,4.7426825524644425,5.230527215826853,9.973209768291294,30.61452288401118,0.005672669947554212
213.5,4.638381144271699,5.212415525233019,9.850796669504717,30.492769993992297,0.005653991191025499
214.0,4.532347856852736,5.193429311172037,9.725777168024774,30.371068237542545,0.0056349147290076845
214.50000000000003,4.424549097641286,5.173597369098804,9.59814646674009,30.24942190568715,0.0056154398295196655
215.0,4.314954610108035,5.152946330661906,9.46790094076994,30.12783535517262,0.005595565939448537
215.5,4.203537438642103,5.13150086038381,9.335038299025914,30.00631300650868,0.0055752927092019506
216.0,4.0902738890683885,5.109283837316545,9.199557726384933,29.884859342109362,0.005554620014401996
216.5,3.9751435089903913,5.086316522771126,9.061460031761516,29.76347890409439,0.005533547978479234
217.0,3.8581289400347885,5.0626187106193,8.92074765065409,29.6421762945864,0.00551207697306123
217.5,3.7392159315416427,5.038208869354476,8.777424800896119,29.52095617299111,0.0054902076417382975
218.0,3.618393221408244,5.013104266522118,8.631497487930362,29.39982325591413,0.005467940900868279
218.5,3.495652451966479,4.987321084368807,8.482973536335287,29.27878231645975,0.005445277944387096
219.00000000000003,3.370988115411459,4.960874524951136,8.331862640362596,29.157838183064477,0.00542222025152017
219.5,3.2443974279158123,4.933778903893656,8.178176331809468,29.036995739768997,0.005398769581880105
220.0,3.115880291602483,4.9060477357401275,8.02192802734261,28.91625992493705,0.005374927982687775
220.5,2.985439151272293,4.877693812466237,7.86313296373853,28.795635731987502,0.005350697778890766
221.0,2.85307893720354,4.848729270519483,7.7018082077230225,28.675128208690406,0.005326081574664767
221.5,2.718806979248403,4.819165654985291,7.537972634233694,28.554742457005947,0.005301082250096693
222.0,2.5826328897123547,4.78901397587298,7.371646865585335,28.43448363361663,0.005275702951902057
222.5,2.4445685207606793,4.75828475791655,7.202853278677229,28.31435694917343,0.005249947094524722
223.0,2.3046277979369556,4.726988087464438,7.0316158854013935,28.194367669877224,0.005223818341888639
223.50000000000003,2.1628267331434907,4.695133651748423,6.857960384891913,28.07452111586361,0.005197320615370469
224.0,2.019183261131093,4.662730777898163,6.681914039029255,27.954822662861318,0.005170458074803047
224.5,1.8737171914835171,4.62978846456029,6.503505656043807,27.835277741846504,0.00514323511597348
225.0,1.72645011932042,4.596315414283604,6.322765533604024,27.715891839453814,0.005115656361939089
225.5,1.5774053377909385,4.562320058836855,6.139725396627794,27.596670498494003,0.005087726653538176
226.0,1.4266077923860934,4.527810586931646,5.954418379317739,27.47761931766355,0.005059451046648823
226.5,1.2740839407874809,4.492794967159424,5.7668789079469045,27.358743953109002,0.0050308347943034196
227.0,1.1198617684880463,4.45728097090625,5.577142739394297,27.240050117120816,0.005001883352568709
227.5,0.9639706440925844,4.421276194227756,5.385246838320341,27.121543579838086,0.00497260236180425
228.00000000000003,0.8064412748567258,4.384788080996192,5.191229355852919,27.00323016909149,0.004942997643410173
228.5,0.6473056680852096,4.347823944016885,4.995129612102095,26.885115770197423,0.004913075197159132
229.0,0.48659699804339374,4.310390992419126,4.796987990462521,26.767206327411206,0.0048828411850681324
229.50000000000003,0.32434962140172896,4.272496359617049,4.596845981018778,26.649507842639334,0.004852301938021663
230.0,0.16059898169784237,4.23414713726621,4.394746118964052,26.532026376123714,0.004821463946375129
230.5,-0.004618457342171034,4.1953504197728115,4.1907319624306405,26.41476804642056,0.004790333856572057
230.99999999999997,-0.1712652478216432,4.156113360518772,3.9848481126971285,26.29773902961946,0.0047589184742274655
231.5,-0.33930303093342307,4.116443250585148,3.7771402196517245,26.180945558862174,0.004727224764961504
232.00000000000003,-0.508692556935542,4.076347630974381,3.5676550740388393,26.06439392227928,0.0046952598684751636
232.5,-0.6793937823159464,4.035834453464106,3.3564406711481594,25.948090461482593,0.004663031108268456
233.0,-0.8513658589546278,3.994912335810045,3.143546476855417,25.832041566332812,0.004630546032235017
233.49999999999997,-1.0245672324504245,3.9535909597606866,2.929023727310262,25.71625366910985,0.004597812458390848
234.0,-1.198955671533664,3.9118817376084776,2.7129260660748136,25.600733232452892,0.004564838572093934
234.50000000000003,-1.3744882682247184,3.8697989796100565,2.495310711385338,25.485486727497037,0.004531633104154256
235.0,-1.5511215628313177,3.827362058825485,2.276240495994167,25.370520595855947,0.004498205642088953
235.5,-1.7288115067879088,3.784599731060701,2.055788224272792,25.255841168661533,0.004464567294963499
236.00000000000003,-1.9075135235891612,3.7415595057822655,1.8340459821931043,25.141454493786586,0.004430732113982101
236.5,-2.0871825608404215,3.6983300747225956,1.611147513882174,25.027365920795347,0.0043967205068789934
237.00000000000003,-2.267773148100642,3.6551004627601777,1.3873273146595357,24.9135790050718,0.004362568254800343
237.49999999999997,-2.449239344121618,3.6123193207594055,1.1630799766377877,24.800092552955377,0.004328350826513333
238.0,-2.631534855317133,3.5710371002474384,0.9395022449303054,24.686894278838157,0.004294235572041367
238.50000000000003,-2.8146130614606575,3.5334782404870415,0.718865179026384,24.573950195333914,0.004260569027561398
239.0,-2.9984269708130293,3.5017000778323415,0.5032731070193122,24.46122948018625,0.004227672288058365
239.5,-3.182929341503404,3.4789236865095163,0.29599434500611244,24.348679801420097,0.00419604405899141
239.99999999999997,-3.3680726789192903,3.4810182880041496,0.11294560908485929,24.236014356857233,0.004168113038495614
240.5,-3.553809236768406,3.5227215034658976,0.0,24.122390923687252,0.004150878906249999
241.00000000000003,-3.7400910547781114,3.5829024426914193,0.0,24.00702355150086,0.004150878906249999
241.5,-3.9268700563603884,3.6444705202826224,0.0,23.892015210553883,0.004150878906249999
242.0,-4.11409795975228,3.706697409062839,0.0,23.7773745463134,0.004150878906249999
242.49999999999997,-4.301726392228814,3.7694249987448782,0.0,23.663110279040914,0.004150878906249999
243.0,-4.489706872432494,3.832583471734181,0.0,23.54923120399903,0.004150878906249999
243.50000000000003,-4.677990863107269,3.896133538881874,0.0,23.43574619168032,0.004150878906249999
244.0,-4.866529773617723,3.9600492212505864,0.0,23.322664188058685,0.004150878906249999
244.5,-5.055274989260068,4.024311222585451,0.0,23.209994214862288,0.004150878906249999
245.00000000000003,-5.244177908744042,4.088903955904297,0.0,23.097745369868168,0.004150878906249999
245.5,-5.4331899668056955,4.163166496058418,0.0,22.98592682721796,0.004150878906249999
246.00000000000003,-5.62226262135825,4.243565032725865,0.0,22.87454783775488,0.004150878906249999
246.49999999999997,-5.811347443260225,4.324597013139098,0.0,22.763617729380837,0.004150878906249999
247.0,-6.000396099440767,4.40625347814815,0.0,22.653145907434244,0.004150878906249999
247.50000000000003,-6.189360355700073,4.488525996676621,0.0,22.54314185508776,0.004150878906249999
248.0,-6.378192151928041,4.57140655261104,0.0,22.43361513376563,0.004150878906249999
248.5,-6.5668436057700985,4.65488746533387,0.0,22.32457538358058,0.004150878906249999
248.99999999999997,-6.755267016525835,4.73896133752626,0.0,22.216032323789776,0.004150878906249999
249.5,-6.943414913818841,4.823621016114171,0.0,22.107995753269556,0.004150878906249999
250.00000000000003,-7.131240072373027,4.90885956551621,0.0,22.00047555100874,0.004150878906249999
250.5,-7.3186955481605365,4.99467024994094,0.0,21.893481676619892,0.004150878906249999
251.0,-7.505734693887888,5.081046515770394,0.0,21.787024170868985,0.004150878906249999
251.49999999999997,-7.692311185392979,5.167981982123367,0.0,21.681113156222,0.004150878906249999
252.0,-7.878379033412539,5.255470433252271,0.0,21.575758837409357,0.004150878906249999
252.50000000000003,-8.06389265007902,5.343505809935476,0.0,21.4709715020069,0.004150878906249999
253.0,-8.248806831020179,5.43208220704475,0.0,21.36676152103378,0.004150878906249999
253.5,-8.43307682954294,5.521193867120937,0.0,21.26313934956659,0.004150878906249999
254.00000000000003,-8.616658328605725,5.610835177786063,0.0,21.160115527369438,0.004150878906249999
254.5,-8.799507514636378,5.701000669784143,0.0,21.057700679539685,0.004150878906249999
255.00000000000003,-8.98158109296805,5.79168501352644,0.0,20.955905517169242,0.004150878906249999
255.49999999999997,-9.162836316016545,5.8828830177273606,0.0,20.854740838020486,0.004150878906249999
256.0,-9.343231016254535,5.9745896272538666,0.0,20.75421752721715,0.004150878906249999
256.5,-9.522723617122633,6.066799920301133,0.0,20.65434655794935,0.004150878906249999
257.0,-9.701273217322903,6.159509110055353,0.0,20.555138992192514,0.004150878906249999
257.5,-9.878839554286925,6.252712540283466,0.0,20.456605981439896,0.004150878906249999
258.0,-10.055383110130256,6.346405684552504,0.0,20.358758767448336,0.004150878906249999
258.5,-10.23086508685952,6.4405841447705585,0.0,20.261608682996698,0.004150878906249999
259.0,-10.40524745578324,6.5352436515523635,0.0,20.165167152656444,0.004150878906249999
259.5,-10.578493049363214,6.630380060540853,0.0,20.069445693574544,0.004150878906249999
260.0,-10.750565494247729,6.725989351884571,0.0,19.97445591626753,0.004150878906249999
260.50000000000006,-10.921429375113673,6.822067629757946,0.0,19.880209525426718,0.004150878906249999
261.0,-11.09105014210614,6.918611118705434,0.0,19.786718320733726,0.004150878906249999
261.5,-11.259394252923054,7.0156161641913215,0.0,19.69399419768645,0.004150878906249999
262.0,-11.426429171500825,7.113079230841056,0.0,19.60204914843398,0.004150878906249999
262.5,-11.592123430449375,7.210996898937329,0.0,19.510895262620938,0.004150878906249999
263.0,-11.756446647089726,7.309365866599736,0.0,19.42054472824,0.004150878906249999
263.5,-11.919369594048742,7.408182944049936,0.0,19.331009832492068,0.004150878906249999
264.0,-12.080864246720878,7.50744505479493,0.0,19.242302962653856,0.004150878906249999
264.5,-12.240903795560577,7.60714923177027,0.0,19.15443660695166,0.004150878906249999
265.0,-12.399462741806968,7.707292618161798,0.0,19.067423355441292,0.004150878906249999
265.5,-12.556516932462245,7.807872462787017,0.0,18.98127590089261,0.004150878906249999
266.0,-12.712043593818757,7.908886119611147,0.0,18.896007039678825,0.004150878906249999
266.5,-12.866021403858854,8.010331046072777,0.0,18.811629672668865,0.004150878906249999
267.0,-13.018430554478055,8.11220480103283,0.0,18.72815680612259,0.004150878906249999
267.5,-13.169252782905149,8.214505040586237,0.0,18.64560155258784,0.004150878906249999
268.0,-13.318471447109179,8.317229519273,0.0,18.56397713179799,0.004150878906249999
268.5,-13.4660715824206,8.420376085753318,0.0,18.483296871569564,0.004150878906249999
269.0,-13.612039976110909,8.523942681546135,0.0,18.403574208698547,0.004150878906249999
269.50000000000006,-13.756365196189131,8.62792733666237,0.0,18.324822689854187,0.004150878906249999
270.0,-13.899037702992825,8.732328170630801,0.0,18.247055972469575,0.004150878906249999
270.5,-14.040049859756333,8.837143386769016,0.0,18.170287825627216,0.004150878906249999
271.0,-14.179396063665475,8.94237127254114,0.0,18.094532130938873,0.004150878906249999
271.5,-14.317072752759818,9.04801019424698,0.0,18.01980288341758,0.004150878906249999
272.0,-14.453078546327802,9.154058596481569,0.0,17.94611419234143,0.004150878906249999
272.5,-14.587414256010685,9.260514998119476,0.0,17.87348028210663,0.004150878906249999
273.0,-14.720082996452119,9.367377990006307,0.0,17.80191549306858,0.004150878906249999
273.5,-14.851090257735986,9.474646231457676,0.0,17.731434282369882,0.004150878906249999
274.0,-14.980443983999463,9.582318450063909,0.0,17.66205122475224,0.004150878906249999
274.5,-15.10815465983222,9.690393433277212,0.0,17.59378101335191,0.004150878906249999
275.0,-15.234235374049815,9.798870030789281,0.0,17.52663846047536,0.004150878906249999
275.2276546434869,-15.291105264347141,9.84839319202693,0.0,17.496445479290454,0.004150878906249999
275.22766610264284,21.585070071562434,10.932859665301924,32.51792973686436,16.145841720970747,0.00911272121229009
275.5,21.42881216819547,10.876533903711401,32.30534607190687,16.16696265178845,0.009080283519272897
276.0,21.143650592433264,10.773734018994238,31.9173846114275,16.20658272769108,0.009021085298374554
276.5,20.860690601954563,10.671719645874079,31.532410247828643,16.247281571154616,0.008962342872288304
277.0,20.579896629215366,10.57048095837953,31.150377587594896,16.289045192524807,0.00890404931451338
277.5,20.30123544392809,10.47000822849012,30.77124367241821,16.331859780140444,0.00884619807013217
278.0,20.024676096118725,10.370291826035034,30.39496792215376,16.375711699175078,0.008788782947105979
278.50000000000006,19.750189855447378,10.271322217154125,30.021512072601503,16.42058749034979,0.008731798106781232
279.0,19.477750133507,10.17308996308949,29.65084009659649,16.46647386830521,0.008675238051848826
279.5,19.20733249129445,10.075585721763579,29.282918213058032,16.513357721575453,0.008619097627724916
280.0,18.938914510572786,9.978800243753644,28.917714754326433,16.56122610990606,0.008563372002308106
280.5,18.672475815227294,9.88272437544723,28.555200190674526,16.61006626446134,0.008508056669719622
281.0,18.407997967106283,9.787349057297368,28.195347024403652,16.6598655855883,0.00845314743414362
281.5,18.145464410963314,9.69266532095758,27.838129731920894,16.7106116414481,0.008398640400988902
282.0,17.884860487024774,9.598664291779512,27.483524778804288,16.762292167979155,0.008344531979187664
282.5,17.626173318623465,9.505337187508767,27.13151050613223,16.814895066453424,0.00829081886385074
283.0,17.3693917811561,9.412675316692374,26.782067097848476,16.868408402516433,0.00823749803128791
283.5,17.114506458485053,9.320670079768751,26.435176538253806,16.922820405026975,0.008184566732521634
284.0,16.861509623188127,9.229312967658082,26.09082259084621,16.978119465276333,0.008132022490058318
284.5,16.61039512109485,9.138595562085355,25.748990683180203,17.03429413444966,0.008079863080319242
285.0,16.3611584108683,9.048509532572945,25.409667943441242,17.091333123886624,0.008028086539221378
285.5,16.113796454547963,8.959046641765838,25.0728430963138,17.149225302719813,0.007976691146288115
286.0,15.868307703603943,8.870198737881791,24.738506441485733,17.20795969703307,0.007925675421369282
286.5,15.624692055328516,8.781957759455508,24.406649814784025,17.267525488686665,0.00787503811871094
287.0,15.382950814144216,8.69431573229362,24.077266546437837,17.32791201407874,0.007824778220586826
287.50000000000006,15.143086629784118,8.607264771361354,23.750351401145473,17.389108762559168,0.007774894928153298
288.0,14.905103480240252,8.520797077101914,23.425900557342167,17.451105375561692,0.0077253876582858505
288.5,14.669006618849101,8.434904938324626,23.103911557173728,17.513891645184174,0.007676256035945695
289.0,14.434802545895723,8.349580729727238,22.78438327562296,17.577457513116173,0.007627499889468833
289.5,14.202498982131335,8.26481691165432,22.467315893785653,17.641793069636154,0.007579119246488287
290.0,13.972104772744721,8.180606030946816,22.152710803691537,17.706888551332543,0.007531114319410937
290.5,13.743629954805392,8.096940719608687,21.84057067441408,17.772734341809084,0.007483485515505076
291.0,13.517085610842436,8.01381369375731,21.530899304599746,17.839320968423877,0.0074362334143981525
291.5,13.292483918060832,7.931217754462012,21.223701672522843,17.9066391026852,0.007389358775714543
292.0,13.069838077187605,7.849145787090273,20.918983864277877,17.97467955838265,0.007342862528118569
292.5,12.849162266934972,7.767590759936048,20.61675302687102,18.04343329017446,0.00729674576215683
293.0,12.630471664610507,7.686545724715901,20.31701738932641,18.1128913934313,0.007251009733478759
293.5,12.413782340265048,7.606003816166458,20.019786156431508,18.18304510171358,0.007205655846623458
294.0,12.199111304527065,7.525958251475551,19.725069556002616,18.253885787090915,0.007160685662231841
294.5,11.986476402879454,7.446402330108203,19.432878732987657,18.325404957616698,0.007116100880888008
295.0,11.775896352945413,7.367329432035819,19.143225784981233,18.397594257420558,0.0070719033485383935
295.5,11.567390659793949,7.288733019462211,18.85612367925616,18.470445464598974,0.0070280950438318095
296.0,11.360979627129261,7.210606635640267,18.57158626276953,18.543950490825626,0.006984678079646227
296.50000000000006,11.15668430494694,7.132943903290269,18.28962820823721,18.618101379771222,0.0069416546948604125
297.0,10.954526491760557,7.055738526905838,18.010265018666395,18.69289030660271,0.00689902725504553
297.5,10.754528654968341,6.978984289959561,17.733512944927902,18.768309575864834,0.006856798239887678
298.0,10.556713957309134,6.902675055223222,17.459389012532355,18.8443516213816,0.006814970247273612
298.5,10.3611062077475,6.826804765982604,17.187910973730105,18.92100900476742,0.006773545985981764
299.0,10.167729831293224,6.751367443663628,16.91909727495685,18.99827441421718,0.00673252827071485
299.5,9.976609862555431,6.67635718906103,16.65296705161646,19.076140663797272,0.0066919200213037796
300.0,9.787771882096276,6.6017681820514085,16.389540064147685,19.154600691641118,0.00665172425295222
300.5,9.601242054897137,6.5275946814518155,16.12883673634895,19.233647560034434,0.0066119440820844935
301.0,9.417047037011546,6.453831024331142,15.870878061342687,19.31327445303877,0.006572582711996867
301.5,9.235213995164607,6.380471627238046,15.615685622402653,19.39347467623713,0.00653364343603556
302.0,9.055770570326196,6.307510986797281,15.363281557123477,19.474241655421245,0.006495129632129435
302.5,8.87874486254749,6.234943677727778,15.11368854027527,19.55556893561604,0.0064570447601738365
303.0,8.704165388426414,6.162764356893116,14.866929745319531,19.637450179699506,0.006419392356158374
303.5,8.532061067711265,6.096601876581725,14.62866294429299,19.719983643284017,0.006383035727583767
304.0,8.362461222363077,6.048749081605951,14.411210303969028,19.803391269985973,0.006349855087885897
304.5,8.19539549541193,6.0012826878010435,14.196678183212974,19.887334805135637,0.006317120084108422
305.0,8.030893893485901,5.954196707411065,13.985090600896967,19.97180835483756,0.00628483438124038
305.50000000000006,7.868986739657002,5.907485240941236,13.776471980598238,20.05680613781257,0.006253001706023899
306.0,7.709704600184255,5.861142478790122,13.570847078974378,20.142322483333515,0.006221625836025141
306.5,7.55307835197647,5.815162706076991,13.36824105805346,20.228351831815704,0.006190710610664894
307.0,7.399139096780305,5.769540310523638,13.168679407303943,20.31488873260682,0.006160259919327382
307.5,7.24791814637797,5.724269791277202,12.972187937655171,20.401927843095134,0.00613027770044787
308.0,7.099446995087069,5.679345776231766,12.778792771318834,20.489463927722976,0.006100767939959537
308.5,6.953757338284143,5.634763048201425,12.588520386485568,20.577491858000656,0.006071734678113641
309.0,6.8108809791539695,5.590516583102713,12.401397562256683,20.66600661065132,0.006043182001076762
309.5,6.670849858845637,5.5466016153778845,12.217451474223521,20.755003268530068,0.0060151140555150615
310.0,6.5336959979315195,5.503013741291307,12.036709739222825,20.844477020580104,0.005987535055423403
310.5,6.399451483965297,5.45974909726755,11.859200581232848,20.934423164013715,0.005960449307439093
311.0,6.268148451502302,5.41680468331555,11.684953134817853,21.024837109021323,0.005933861257143835
311.5,6.139819025357766,5.374178982281397,11.513998007639163,21.115714388260805,0.005907775574896111
312.0,6.01449533919213,5.331873254885636,11.346368594077767,21.207050680250614,0.0058821973562740715
312.5,5.892209457755614,5.2898945798173616,11.182104037572977,21.29884186330958,0.005857132574092555
313.0,5.7729933601134835,5.248264168704713,11.021257528818197,21.391084168415276,0.005832589344607267
313.5,5.656878945137628,5.2070461712498535,10.863925116387481,21.48377471240509,0.005808582323667521
314.0,5.54389794900842,5.167030171065769,10.71092812007419,21.576924151186223,0.005785236834728116
314.50000000000006,5.434081943493388,5.131868848111195,10.565950791604584,21.670596318202353,0.005763115049988491
315.0,5.3274622799949425,5.118796340841938,10.44625862083688,21.765106977487942,0.00574485147412672
315.5,5.224070077007709,5.119696470149185,10.343766547156893,21.86030189347161,0.005729212424798108
316.0,5.123936170776755,5.12218763997124,10.246123810747996,21.955947815297897,0.0057143133256146224
316.5,5.027091079084795,5.124939271191829,10.152030350276625,22.05201649420305,0.005699955802959689
317.0,4.933564954396447,5.127696030191215,10.061260984587662,22.148499696312943,0.00568610549691584
317.5,4.843387550500698,5.130386963249075,9.973774513749774,22.24539268100449,0.005672756120872462
318.0,4.75658818379588,5.132989383446803,9.889577567242682,22.342691674833606,0.005659908686407878
318.5,4.673195679239419,5.135591370506888,9.808787049746307,22.440395028104746,0.005647581031760604
319.0,4.593238322363967,5.138785739231842,9.732024061595808,22.538510518078738,0.005635867929320648
319.5,4.516743829814397,5.141990814460609,9.658734644275006,22.637024208356532,0.005624684851726531
320.0,4.443739259832544,5.145244663751514,9.588983923584058,22.735933716939964,0.005614041736386726
320.5,4.3742510118773525,5.148561162312021,9.522812174189372,22.835236273899877,0.005603944728727626
321.0,4.30830473336541,5.151921525247182,9.460226258612593,22.934928561023675,0.00559439487588693
321.5,4.245925269215315,5.155292542150894,9.401217811366209,23.035007047364374,0.005585390901392547
322.0,4.187136613897243,5.158645733283231,9.345782347180474,23.135468341879733,0.0055769321208466284
322.5,4.131961835616676,5.1619638429485475,9.293925678565223,23.236309310695635,0.005569019421167788
323.0,4.080423026581727,5.16524088983307,9.245663916414797,23.337527075330097,0.005561655260683409
323.50000000000006,4.032541220815166,5.168482228060935,9.2010234488761,23.439119010466055,0.0055548436659051655
324.0,3.9883363348230034,5.171707533336945,9.16004386815995,23.54108279634033,0.005548590678124991
324.5,3.9478270825221635,5.174959204390693,9.122786286912856,23.64341657102546,0.0055429056223927076
325.0,3.9110309234751273,5.178320689097352,9.089351612572479,23.74611926731688,0.005537803895961375
325.5,3.877963954374823,5.181950773012436,9.059914727387259,23.84919124451697,0.005533312183744392
326.0,3.8486408315563785,5.1861230414483,9.034763873004678,23.952635016680425,0.005529474467926738
326.5,3.8230747313305407,5.19117741552327,9.01425214685381,24.056454351061177,0.005526344626900299
327.0,3.801277176972278,5.197271973400768,8.998549150373046,24.160649660640072,0.005523948539790807
327.5,3.7832580341188655,5.204238609337067,8.987496643455932,24.265215325236206,0.0055222620610742065
328.0,3.7690253393938242,5.211799467391414,8.980824806785238,24.370143699479392,0.005521244019590031
328.5,3.758585262012777,5.219750760721721,8.978336022734497,24.475428518418717,0.005520864261281508
329.0,3.75194198108165,5.227974854530696,8.979916835612347,24.581065116940458,0.005521105474184012
329.5,3.749097539762118,5.23640709788758,8.985504637649697,24.687049809601294,0.0055219581051101215
330.0,3.750051795684357,5.245011458849998,8.995063254534355,24.79337943544745,0.005523416634297843
330.5,3.754802282091894,5.253767354288637,9.008569636380532,24.900051108725506,0.005525477544613727
331.0,3.7633440798451274,5.262662865320431,9.026006945165559,25.007062088166926,0.005528138266779411
331.5,3.775669696070065,5.2716911760681295,9.047360872138194,25.114409706131347,0.005531396617452726
332.0,3.7917689574785434,5.280848624163902,9.072617581642445,25.2220913278749,0.005535250485480108
332.50000000000006,3.811628884576792,5.290133592826976,9.101762477403767,25.330104326040164,0.0055396976436468135
333.0,3.835233526287906,5.2995458485621745,9.13477937485008,25.43844606264736,0.005544735622383128
333.5,3.8625638405427605,5.309086129850479,9.17164997039324,25.547113876569703,0.005550361628783147
334.0,3.8935975653829584,5.318755881036411,9.21235344641937,25.656105073505607,0.00555657248633108
334.5,3.9283090859881256,5.329607914084651,9.257917000072776,25.765436403672428,0.005563524932872431
335.0,3.966669218539833,5.341476493243401,9.308145711783233,25.875101963047616,0.0055711892260411405
335.5,4.008645131189164,5.353510786277535,9.362155917466698,25.98508308119032,0.005579430529398604
336.0,4.054200214446848,5.365713910980794,9.419914125427642,26.095376855317294,0.005588243732517644
336.5,4.103293789167676,5.378089132832883,9.48138292200056,26.205980309741587,0.005597623126525963
337.0,4.155881109426023,5.390639802629356,9.546520912055378,26.316890392066867,0.00560756239502798
337.5,4.211913063918907,5.403369301088962,9.615282365007868,26.42810396394447,0.00561805456009031
338.0,4.271336130000275,5.416280983425872,9.687617113426146,26.53961779654705,0.005629091966770345
338.5,4.334092098023796,5.429378124574319,9.763470222598116,26.651428561836806,0.005640666232696244
339.0,4.400117986647514,5.442663862036406,9.84278184868392,26.763532827382086,0.0056527682264227155
339.5,4.469345810752751,5.456141147891325,9.925486958644075,26.875927048673084,0.005665388024695444
340.0,4.5417024546897355,5.469812708823711,10.011515163513447,26.98860756361322,0.0056785148870107174
340.5,4.617109478925039,5.483681060577994,10.100790539503034,27.10157058687042,0.005692137228317722
341.0,4.695482949115498,5.497748736371689,10.193231685487188,27.214812208711663,0.005706242627790402
341.50000000000006,4.776733273875066,5.512019693748987,10.288752967624053,27.32832841596405,0.005720818018741461
342.0,4.860765011240883,5.526517630689182,10.387282641930064,27.442115426080235,0.005735852453907783
342.5,4.947476728228599,5.541944164634236,10.489420892862835,27.556181887578013,0.005751437514169742
343.0,5.036760839023156,5.5581646611975,10.594925500220656,27.670520797476666,0.005767536239657691
343.5,5.128503387425701,5.575982185714462,10.704485573140163,27.785142390830664,0.0057842537800812
344.0,5.222583976621895,5.59569225665211,10.818276233274005,27.900047338348966,0.005801616856883849
344.5,5.318875527744442,5.617401079031628,10.93627660677607,28.015232641993943,0.005819622284969492
345.0,5.41724422762608,5.639006479044587,11.056250706670667,28.130654192759987,0.005837928879802041
345.5,5.517549300042158,5.660484020098713,11.178033320140871,28.246306245194425,0.005856511431906259
346.0,5.619642964033811,5.681822298316628,11.301465262350439,28.36218312965956,0.005875345651603764
346.5,5.723370243902568,5.703009099245292,11.426379343147861,28.478278992180766,0.0058944060277020035
347.0,5.828568932682952,5.724030201663713,11.552599134346664,28.59458777201834,0.005913665639396157
347.5,5.935069488143975,5.744868905928038,11.679938394072014,28.711103191813898,0.0059330960684313965
348.0,6.04269492679828,5.765505679575089,11.808200606373369,28.827818750297784,0.005952667328853357
348.5,6.1512608386060545,5.785917810410397,11.937178649016452,28.94472771783379,0.005972347816317206
349.0,6.26057533073104,5.806079054514281,12.066654385245322,29.061823131051845,0.005992104245795488
349.5,6.370439035040686,5.825959261831517,12.196398296872204,29.17909778878542,0.00601190159559207
350.0,6.480645164706581,5.845523974805158,12.32616913951174,29.296544248999204,0.006031703054735066
350.50000000000006,6.590979558174176,5.864734006229661,12.455713564403837,29.41415482571983,0.00605146996527158
351.0,6.701220803224695,5.8835449869747185,12.584765790199413,29.53192158755962,0.006071161772186188
351.5,6.811140381571069,5.901906890394575,12.713047271965644,29.64983635690085,0.006090735972895146
352.0,6.920502898940995,5.9197635292744115,12.840266428215408,29.76789071091172,0.00611014807559439
352.5,7.029066306515009,5.9370520345485005,12.96611834106351,29.886075982863048,0.006129351553507003
353.0,7.136582248740404,5.953702311713407,13.09028456045381,30.004383266216422,0.006148297815010651
353.5,7.242796458076678,5.969636486563414,13.212432944640092,30.122803420263143,0.006166936179296888
354.0,7.347449190265632,5.984768344303744,13.332217534569375,30.241327077302635,0.0061852138572035765
354.5,7.450275795275626,5.999002769557158,13.449278564832785,30.35994465328945,0.00620307595288586
355.0,7.551007367309522,6.01223519974776,13.563242567057282,30.478646361144925,0.006220465479592478
355.5,7.649371494617,6.024351112944675,13.673722607561675,30.59742222751048,0.006237323395929209
356.0,7.74509310274555,6.035225553852702,13.78031865659825,30.71626211287707,0.006253588662200659
356.5,7.837895425425138,6.044722737150492,13.88261816257563,30.83515573641541,0.006269198328029727
357.0,7.927501142566,6.052695737768033,13.980196880334034,30.954092706354537,0.006284087658742374
357.5,8.013633635537337,6.058986308219739,14.072619943757076,31.073062555635165,0.006298190299035196
358.0,8.096018333104869,6.063424858818759,14.159443191923629,31.192054782879207,0.006311438475330142
358.5,8.174384298656708,6.0658306307161745,14.240214929372883,31.31105890185298,0.0063237632643696395
359.0,8.24846596260317,6.06601211674578,14.31447807934895,31.430064498442032,0.006335094921775655
359.50000000000006,8.318004931241118,6.0637677711398075,14.381772702380925,31.5490612943541,0.006345363266354509
