prototype,feasible_rank,objective_proxy,axes_mm,stage_specification
A,1,871414.5311656992,"{""I"": [20.0, 210.0], ""M1"": [-85.66734958551206, 78.21192501782363], ""O"": [0.0, 0.0]}",belt:24:48:left;spur:29:87:right
A,2,883298.9300488016,"{""I"": [20.0, 210.0], ""M1"": [-82.50767687377711, 75.73957523575363], ""O"": [0.0, 0.0]}",belt:24:48:left;spur:28:84:right
A,3,892574.4338407114,"{""I"": [20.0, 206.0], ""M1"": [-81.44114177011163, 70.93194222055801], ""O"": [0.0, 0.0]}",belt:24:48:left;spur:27:81:right
A,4,895290.6341236263,"{""I"": [20.0, 208.0], ""M1"": [-80.37500429509831, 72.13777571122446], ""O"": [0.0, 0.0]}",belt:24:48:left;spur:27:81:right
A,5,898024.7664731788,"{""I"": [20.0, 210.0], ""M1"": [-79.28217310227625, 73.3371463051345], ""O"": [0.0, 0.0]}",belt:24:48:left;spur:27:81:right
A,6,910266.3197024721,"{""I"": [20.0, 206.0], ""M1"": [-78.2024826790746, 68.55925687191365], ""O"": [0.0, 0.0]}",belt:24:48:left;spur:26:78:right
A,7,913045.8120497009,"{""I"": [20.0, 208.0], ""M1"": [-77.11029725082074, 69.78540003389008], ""O"": [0.0, 0.0]}",belt:24:48:left;spur:26:78:right
A,8,915845.9172322421,"{""I"": [20.0, 210.0], ""M1"": [-75.9892301556161, 71.00448507211924], ""O"": [0.0, 0.0]}",belt:24:48:left;spur:26:78:right
A,9,931320.9171691136,"{""I"": [20.0, 206.0], ""M1"": [-74.89914841985677, 66.25796228364007], ""O"": [0.0, 0.0]}",belt:24:48:left;spur:25:75:right
A,10,934171.7775066586,"{""I"": [20.0, 208.0], ""M1"": [-73.77856792447467, 67.50350298327989], ""O"": [0.0, 0.0]}",belt:24:48:left;spur:25:75:right
A,11,937046.4704174448,"{""I"": [20.0, 210.0], ""M1"": [-72.62660000209608, 68.74137743845068], ""O"": [0.0, 0.0]}",belt:24:48:left;spur:25:75:right
A,12,956052.5926094606,"{""I"": [20.0, 206.0], ""M1"": [-71.52923462897039, 64.02787356607827], ""O"": [0.0, 0.0]}",belt:24:48:left;spur:24:72:right
A,13,958984.4119784754,"{""I"": [20.0, 208.0], ""M1"": [-70.37737131808868, 65.29184946343508], ""O"": [0.0, 0.0]}",belt:24:48:left;spur:24:72:right
A,14,961943.9633413143,"{""I"": [20.0, 210.0], ""M1"": [-69.19122725786261, 66.54753241519035], ""O"": [0.0, 0.0]}",belt:24:48:left;spur:24:72:right
A,15,984811.6517544647,"{""I"": [20.0, 206.0], ""M1"": [-68.09008650662365, 61.86873297167569], ""O"": [0.0, 0.0]}",belt:24:48:left;spur:23:69:right
A,16,987835.9170132186,"{""I"": [20.0, 208.0], ""M1"": [-66.90338101436892, 63.15011962653895], ""O"": [0.0, 0.0]}",belt:24:48:left;spur:23:69:right
A,17,990892.6830382617,"{""I"": [20.0, 210.0], ""M1"": [-65.67902039564387, 64.42256033307427], ""O"": [0.0, 0.0]}",belt:24:48:left;spur:23:69:right
A,18,1017987.2749811094,"{""I"": [20.0, 206.0], ""M1"": [-64.57808446426021, 59.78018908406759], ""O"": [0.0, 0.0]}",belt:24:48:left;spur:22:66:right
A,19,1021117.876969175,"{""I"": [20.0, 208.0], ""M1"": [-63.352127951602085, 61.07788375511906], ""O"": [0.0, 0.0]}",belt:24:48:left;spur:22:66:right
A,20,1024286.8789065005,"{""I"": [20.0, 210.0], ""M1"": [-62.08453285314813, 62.3659424718842], ""O"": [0.0, 0.0]}",belt:24:48:left;spur:22:66:right
A,21,1056010.014093394,"{""I"": [20.0, 206.0], ""M1"": [-60.988344680562655, 57.76176774584452], ""O"": [0.0, 0.0]}",belt:24:48:left;spur:21:63:right
A,22,1059263.94016276,"{""I"": [20.0, 208.0], ""M1"": [-59.71763185755913, 59.07456682299955], ""O"": [0.0, 0.0]}",belt:24:48:left;spur:21:63:right
A,23,1062563.6640096458,"{""I"": [20.0, 210.0], ""M1"": [-58.40050814592261, 60.37698773786273], ""O"": [0.0, 0.0]}",belt:24:48:left;spur:21:63:right
A,24,1081871.6776466714,"{""I"": [20.0, 208.0], ""M1"": [81.52903608726487, 50.68546413599724], ""O"": [0.0, 0.0]}",belt:24:48:left;spur:24:72:right
A,25,1083046.6003765236,"{""I"": [20.0, 210.0], ""M1"": [80.5091214259819, 52.2903563500623], ""O"": [0.0, 0.0]}",belt:24:48:left;spur:24:72:right
B,1,760081.4055657231,"{""I"": [0.0, 176.0], ""M1"": [-60.50713684616093, 90.18691014373184], ""M2"": [44.37491748277344, 95.16231763884824], ""O"": [0.0, 0.0]}",spur:21:84:right;spur:21:84:left;spur:21:84:right
B,2,760081.4055657231,"{""I"": [0.0, 176.0], ""M1"": [60.50713684616093, 90.18691014373185], ""M2"": [-44.37491748277343, 95.16231763884825], ""O"": [0.0, 0.0]}",spur:21:84:right;spur:21:84:left;spur:21:84:right
B,3,762171.6034653173,"{""I"": [0.0, 178.0], ""M1"": [-60.58444933152734, 92.24147564704957], ""M2"": [44.37491748277344, 95.16231763884824], ""O"": [0.0, 0.0]}",spur:21:84:right;spur:21:84:left;spur:21:84:right
B,4,762171.6034653173,"{""I"": [0.0, 178.0], ""M1"": [60.58444933152738, 92.24147564704955], ""M2"": [-44.37491748277343, 95.16231763884825], ""O"": [0.0, 0.0]}",spur:21:84:right;spur:21:84:left;spur:21:84:right
B,5,764214.5604354957,"{""I"": [0.0, 180.0], ""M1"": [-60.621269591680274, 94.26749931856166], ""M2"": [44.37491748277344, 95.16231763884824], ""O"": [0.0, 0.0]}",spur:21:84:right;spur:21:84:left;spur:21:84:right
B,6,764214.5604354957,"{""I"": [0.0, 180.0], ""M1"": [60.621269591680274, 94.2674993185617], ""M2"": [-44.37491748277343, 95.16231763884825], ""O"": [0.0, 0.0]}",spur:21:84:right;spur:21:84:left;spur:21:84:right
B,7,766212.240215634,"{""I"": [0.0, 182.0], ""M1"": [-60.619280831798875, 96.26609310526263], ""M2"": [44.37491748277344, 95.16231763884824], ""O"": [0.0, 0.0]}",spur:21:84:right;spur:21:84:left;spur:21:84:right
B,8,766212.2402156341,"{""I"": [0.0, 182.0], ""M1"": [60.61928083179888, 96.26609310526263], ""M2"": [-44.37491748277343, 95.16231763884825], ""O"": [0.0, 0.0]}",spur:21:84:right;spur:21:84:left;spur:21:84:right
B,9,768166.4312464327,"{""I"": [0.0, 184.0], ""M1"": [-60.5800160010549, 98.23834387494648], ""M2"": [44.37491748277344, 95.16231763884824], ""O"": [0.0, 0.0]}",spur:21:84:right;spur:21:84:left;spur:21:84:right
B,10,768166.4312464327,"{""I"": [0.0, 184.0], ""M1"": [60.580016001054915, 98.23834387494648], ""M2"": [-44.37491748277343, 95.16231763884825], ""O"": [0.0, 0.0]}",spur:21:84:right;spur:21:84:left;spur:21:84:right
B,11,770078.7593352266,"{""I"": [0.0, 186.0], ""M1"": [-60.50486864859249, 100.18531087385696], ""M2"": [44.37491748277344, 95.16231763884824], ""O"": [0.0, 0.0]}",spur:21:84:right;spur:21:84:left;spur:21:84:right
B,12,770078.7593352266,"{""I"": [0.0, 186.0], ""M1"": [60.5048686485925, 100.18531087385699], ""M2"": [-44.37491748277343, 95.16231763884825], ""O"": [0.0, 0.0]}",spur:21:84:right;spur:21:84:left;spur:21:84:right
B,13,771950.6992553192,"{""I"": [0.0, 188.0], ""M1"": [-60.39510286581476, 102.10802394968633], ""M2"": [44.37491748277344, 95.16231763884824], ""O"": [0.0, 0.0]}",spur:21:84:right;spur:21:84:left;spur:21:84:right
B,14,771950.6992553192,"{""I"": [0.0, 188.0], ""M1"": [60.395102865814756, 102.10802394968636], ""M2"": [-44.37491748277343, 95.16231763884825], ""O"": [0.0, 0.0]}",spur:21:84:right;spur:21:84:left;spur:21:84:right
B,15,773783.585331729,"{""I"": [0.0, 190.0], ""M1"": [-60.251862359880306, 104.00748240593232], ""M2"": [44.37491748277344, 95.16231763884824], ""O"": [0.0, 0.0]}",spur:21:84:right;spur:21:84:left;spur:21:84:right
B,16,773783.585331729,"{""I"": [0.0, 190.0], ""M1"": [60.25186235988032, 104.00748240593234], ""M2"": [-44.37491748277343, 95.16231763884825], ""O"": [0.0, 0.0]}",spur:21:84:right;spur:21:84:left;spur:21:84:right
B,17,775578.6210682257,"{""I"": [0.0, 192.0], ""M1"": [-60.07617870544888, 105.88465437478072], ""M2"": [44.37491748277344, 95.16231763884824], ""O"": [0.0, 0.0]}",spur:21:84:right;spur:21:84:left;spur:21:84:right
B,18,775578.6210682257,"{""I"": [0.0, 192.0], ""M1"": [60.07617870544889, 105.88465437478072], ""M2"": [-44.37491748277343, 95.16231763884825], ""O"": [0.0, 0.0]}",spur:21:84:right;spur:21:84:left;spur:21:84:right
B,19,777336.8878708686,"{""I"": [0.0, 194.0], ""M1"": [-59.86897882199989, 107.74047661382002], ""M2"": [44.37491748277344, 95.16231763884824], ""O"": [0.0, 0.0]}",spur:21:84:right;spur:21:84:left;spur:21:84:right
B,20,777336.8878708686,"{""I"": [0.0, 194.0], ""M1"": [59.86897882199991, 107.74047661382005], ""M2"": [-44.37491748277343, 95.16231763884825], ""O"": [0.0, 0.0]}",spur:21:84:right;spur:21:84:left;spur:21:84:right
B,21,779059.3529219892,"{""I"": [0.0, 196.0], ""M1"": [-59.631091722960434, 109.57585464739682], ""M2"": [44.37491748277344, 95.16231763884824], ""O"": [0.0, 0.0]}",spur:21:84:right;spur:21:84:left;spur:21:84:right
B,22,779059.3529219892,"{""I"": [0.0, 196.0], ""M1"": [59.63109172296044, 109.57585464739685], ""M2"": [-44.37491748277343, 95.16231763884825], ""O"": [0.0, 0.0]}",spur:21:84:right;spur:21:84:left;spur:21:84:right
B,23,780746.8762561281,"{""I"": [0.0, 198.0], ""M1"": [-59.363254580793736, 111.39166318664309], ""M2"": [44.37491748277344, 95.16231763884824], ""O"": [0.0, 0.0]}",spur:21:84:right;spur:21:84:left;spur:21:84:right
B,24,780746.8762561281,"{""I"": [0.0, 198.0], ""M1"": [59.36325458079374, 111.39166318664313], ""M2"": [-44.37491748277343, 95.16231763884825], ""O"": [0.0, 0.0]}",spur:21:84:right;spur:21:84:left;spur:21:84:right
B,25,782400.2170861585,"{""I"": [0.0, 200.0], ""M1"": [-59.066118149391215, 113.18874677346167], ""M2"": [44.37491748277344, 95.16231763884824], ""O"": [0.0, 0.0]}",spur:21:84:right;spur:21:84:left;spur:21:84:right
B,26,782400.2170861585,"{""I"": [0.0, 200.0], ""M1"": [59.06611814939124, 113.1887467734617], ""M2"": [-44.37491748277343, 95.16231763884825], ""O"": [0.0, 0.0]}",spur:21:84:right;spur:21:84:left;spur:21:84:right
B,27,783910.4918184715,"{""I"": [0.0, 176.0], ""M1"": [-60.009680632661514, 83.81085622283948], ""M2"": [44.37491748277344, 95.16231763884824], ""O"": [0.0, 0.0]}",spur:22:88:right;spur:21:84:left;spur:21:84:right
B,28,783910.4918184715,"{""I"": [0.0, 176.0], ""M1"": [60.009680632661514, 83.81085622283953], ""M2"": [-44.37491748277343, 95.16231763884825], ""O"": [0.0, 0.0]}",spur:22:88:right;spur:21:84:left;spur:21:84:right
B,29,784020.0394239557,"{""I"": [0.0, 202.0], ""M1"": [-58.74025158178894, 114.96792060333073], ""M2"": [44.37491748277344, 95.16231763884824], ""O"": [0.0, 0.0]}",spur:21:84:right;spur:21:84:left;spur:21:84:right
B,30,784020.0394239558,"{""I"": [0.0, 202.0], ""M1"": [58.74025158178895, 114.96792060333075], ""M2"": [-44.37491748277343, 95.16231763884825], ""O"": [0.0, 0.0]}",spur:21:84:right;spur:21:84:left;spur:21:84:right
B,31,785606.9170356651,"{""I"": [0.0, 204.0], ""M1"": [-58.386146677539784, 116.7299714899278], ""M2"": [44.37491748277344, 95.16231763884824], ""O"": [0.0, 0.0]}",spur:21:84:right;spur:21:84:left;spur:21:84:right
B,32,785606.9170356651,"{""I"": [0.0, 204.0], ""M1"": [58.386146677539806, 116.72997148992783], ""M2"": [-44.37491748277343, 95.16231763884825], ""O"": [0.0, 0.0]}",spur:21:84:right;spur:21:84:left;spur:21:84:right
B,33,786171.321901724,"{""I"": [0.0, 178.0], ""M1"": [-60.22000760652388, 85.9481087436537], ""M2"": [44.37491748277344, 95.16231763884824], ""O"": [0.0, 0.0]}",spur:22:88:right;spur:21:84:left;spur:21:84:right
B,34,786171.321901724,"{""I"": [0.0, 178.0], ""M1"": [60.2200076065239, 85.9481087436537], ""M2"": [-44.37491748277343, 95.16231763884825], ""O"": [0.0, 0.0]}",spur:22:88:right;spur:21:84:left;spur:21:84:right
B,35,787161.3377670043,"{""I"": [0.0, 206.0], ""M1"": [-58.004221590116245, 118.47565894149963], ""M2"": [44.37491748277344, 95.16231763884824], ""O"": [0.0, 0.0]}",spur:21:84:right;spur:21:84:left;spur:21:84:right
B,36,787161.3377670043,"{""I"": [0.0, 206.0], ""M1"": [58.00422159011625, 118.47565894149966], ""M2"": [-44.37491748277343, 95.16231763884825], ""O"": [0.0, 0.0]}",spur:21:84:right;spur:21:84:left;spur:21:84:right
B,37,788375.0868111226,"{""I"": [0.0, 180.0], ""M1"": [-60.384318625554954, 88.05581005779942], ""M2"": [44.37491748277344, 95.16231763884824], ""O"": [0.0, 0.0]}",spur:22:88:right;spur:21:84:left;spur:21:84:right
B,38,788375.0868111227,"{""I"": [0.0, 180.0], ""M1"": [60.38431862555497, 88.05581005779945], ""M2"": [-44.37491748277343, 95.16231763884825], ""O"": [0.0, 0.0]}",spur:22:88:right;spur:21:84:left;spur:21:84:right
B,39,788683.7072691867,"{""I"": [0.0, 208.0], ""M1"": [-57.59482402055836, 120.20571632480326], ""M2"": [44.37491748277344, 95.16231763884824], ""O"": [0.0, 0.0]}",spur:21:84:right;spur:21:84:left;spur:21:84:right
B,40,788683.7072691867,"{""I"": [0.0, 208.0], ""M1"": [57.59482402055837, 120.20571632480329], ""M2"": [-44.37491748277343, 95.16231763884825], ""O"": [0.0, 0.0]}",spur:21:84:right;spur:21:84:left;spur:21:84:right
B,41,790174.3521509912,"{""I"": [0.0, 210.0], ""M1"": [-57.15823391924785, 121.92085209748821], ""M2"": [44.37491748277344, 95.16231763884824], ""O"": [0.0, 0.0]}",spur:21:84:right;spur:21:84:left;spur:21:84:right
B,42,790174.3521509912,"{""I"": [0.0, 210.0], ""M1"": [57.158233919247856, 121.92085209748824], ""M2"": [-44.37491748277343, 95.16231763884825], ""O"": [0.0, 0.0]}",spur:21:84:right;spur:21:84:left;spur:21:84:right
B,43,790524.323432268,"{""I"": [0.0, 182.0], ""M1"": [-60.504659372003886, 90.13495662506992], ""M2"": [44.37491748277344, 95.16231763884824], ""O"": [0.0, 0.0]}",spur:22:88:right;spur:21:84:left;spur:21:84:right
B,44,790524.323432268,"{""I"": [0.0, 182.0], ""M1"": [60.50465937200389, 90.13495662506993], ""M2"": [-44.37491748277343, 95.16231763884825], ""O"": [0.0, 0.0]}",spur:22:88:right;spur:21:84:left;spur:21:84:right
B,45,791633.5225772529,"{""I"": [0.0, 212.0], ""M1"": [-56.69466571318654, 123.62175109411798], ""M2"": [44.37491748277344, 95.16231763884824], ""O"": [0.0, 0.0]}",spur:21:84:right;spur:21:84:left;spur:21:84:right
B,46,791633.522577253,"{""I"": [0.0, 212.0], ""M1"": [56.694665713186545, 123.62175109411803], ""M2"": [-44.37491748277343, 95.16231763884825], ""O"": [0.0, 0.0]}",spur:21:84:right;spur:21:84:left;spur:21:84:right
B,47,792621.3586276338,"{""I"": [0.0, 184.0], ""M1"": [-60.5829061706283, 92.18653976719509], ""M2"": [44.37491748277344, 95.16231763884824], ""O"": [0.0, 0.0]}",spur:22:88:right;spur:21:84:left;spur:21:84:right
B,48,792621.3586276339,"{""I"": [0.0, 184.0], ""M1"": [60.58290617062832, 92.18653976719509], ""M2"": [-44.37491748277343, 95.16231763884825], ""O"": [0.0, 0.0]}",spur:22:88:right;spur:21:84:left;spur:21:84:right
B,49,794668.3238536902,"{""I"": [0.0, 186.0], ""M1"": [-60.62077777558288, 94.21154047548569], ""M2"": [44.37491748277344, 95.16231763884824], ""O"": [0.0, 0.0]}",spur:22:88:right;spur:21:84:left;spur:21:84:right
B,50,794668.3238536903,"{""I"": [0.0, 186.0], ""M1"": [60.620777775582894, 94.21154047548572], ""M2"": [-44.37491748277343, 95.16231763884825], ""O"": [0.0, 0.0]}",spur:22:88:right;spur:21:84:left;spur:21:84:right
B,51,796667.1687158949,"{""I"": [0.0, 188.0], ""M1"": [-60.61984630083173, 96.21092529901208], ""M2"": [44.37491748277344, 95.16231763884824], ""O"": [0.0, 0.0]}",spur:22:88:right;spur:21:84:left;spur:21:84:right
B,52,796667.1687158949,"{""I"": [0.0, 188.0], ""M1"": [60.619846300831725, 96.21092529901212], ""M2"": [-44.37491748277343, 95.16231763884825], ""O"": [0.0, 0.0]}",spur:22:88:right;spur:21:84:left;spur:21:84:right
B,53,798619.6734877521,"{""I"": [0.0, 190.0], ""M1"": [-60.58154731521013, 98.18564314392353], ""M2"": [44.37491748277344, 95.16231763884824], ""O"": [0.0, 0.0]}",spur:22:88:right;spur:21:84:left;spur:21:84:right
B,54,798619.6734877521,"{""I"": [0.0, 190.0], ""M1"": [60.58154731521012, 98.18564314392354], ""M2"": [-44.37491748277343, 95.16231763884825], ""O"": [0.0, 0.0]}",spur:22:88:right;spur:21:84:left;spur:21:84:right
B,55,800527.4606299355,"{""I"": [0.0, 192.0], ""M1"": [-60.50718913116198, 100.13662283888212], ""M2"": [44.37491748277344, 95.16231763884824], ""O"": [0.0, 0.0]}",spur:22:88:right;spur:21:84:left;spur:21:84:right
B,56,800527.4606299355,"{""I"": [0.0, 192.0], ""M1"": [60.507189131161994, 100.13662283888212], ""M2"": [-44.37491748277343, 95.16231763884825], ""O"": [0.0, 0.0]}",spur:22:88:right;spur:21:84:left;spur:21:84:right
B,57,802392.0053516504,"{""I"": [0.0, 194.0], ""M1"": [-60.39796132116356, 102.06477134282403], ""M2"": [44.37491748277344, 95.16231763884824], ""O"": [0.0, 0.0]}",spur:22:88:right;spur:21:84:left;spur:21:84:right
B,58,802392.0053516505,"{""I"": [0.0, 194.0], ""M1"": [60.39796132116358, 102.06477134282403], ""M2"": [-44.37491748277343, 95.16231763884825], ""O"": [0.0, 0.0]}",spur:22:88:right;spur:21:84:left;spur:21:84:right
B,59,804214.6452598141,"{""I"": [0.0, 196.0], ""M1"": [-60.25494249858481, 103.9709724896963], ""M2"": [44.37491748277344, 95.16231763884824], ""O"": [0.0, 0.0]}",spur:22:88:right;spur:21:84:left;spur:21:84:right
B,60,804214.6452598141,"{""I"": [0.0, 196.0], ""M1"": [60.25494249858481, 103.9709724896963], ""M2"": [-44.37491748277343, 95.16231763884825], ""O"": [0.0, 0.0]}",spur:22:88:right;spur:21:84:left;spur:21:84:right
B,61,805996.5891429047,"{""I"": [0.0, 198.0], ""M1"": [-60.07910740077006, 105.8560861807643], ""M2"": [44.37491748277344, 95.16231763884824], ""O"": [0.0, 0.0]}",spur:22:88:right;spur:21:84:left;spur:21:84:right
B,62,805996.5891429048,"{""I"": [0.0, 198.0], ""M1"": [60.07910740077006, 105.85608618076431], ""M2"": [-44.37491748277343, 95.16231763884825], ""O"": [0.0, 0.0]}",spur:22:88:right;spur:21:84:left;spur:21:84:right
B,63,807738.9249360093,"{""I"": [0.0, 200.0], ""M1"": [-59.871333311856766, 107.7209479488408], ""M2"": [44.37491748277344, 95.16231763884824], ""O"": [0.0, 0.0]}",spur:22:88:right;spur:21:84:left;spur:21:84:right
B,64,807738.9249360095,"{""I"": [0.0, 200.0], ""M1"": [59.87133331185677, 107.7209479488408], ""M2"": [-44.37491748277343, 95.16231763884825], ""O"": [0.0, 0.0]}",spur:22:88:right;spur:21:84:left;spur:21:84:right
B,65,809442.6269120662,"{""I"": [0.0, 202.0], ""M1"": [-59.63240586161694, 109.56636883062858], ""M2"": [44.37491748277344, 95.16231763884824], ""O"": [0.0, 0.0]}",spur:22:88:right;spur:21:84:left;spur:21:84:right
B,66,809442.6269120664,"{""I"": [0.0, 202.0], ""M1"": [59.632405861616945, 109.56636883062858], ""M2"": [-44.37491748277343, 95.16231763884825], ""O"": [0.0, 0.0]}",spur:22:88:right;spur:21:84:left;spur:21:84:right
B,67,810676.2759775597,"{""I"": [0.0, 212.0], ""M1"": [-64.55422333701414, 129.18845340560955], ""M2"": [35.91211504919523, 98.66772518252037], ""O"": [0.0, 0.0]}",spur:21:84:right;spur:21:84:left;spur:21:84:right
B,68,810676.2759775597,"{""I"": [0.0, 212.0], ""M1"": [64.55422333701414, 129.18845340560958], ""M2"": [-35.912115049195215, 98.66772518252039], ""O"": [0.0, 0.0]}",spur:21:84:right;spur:21:84:left;spur:21:84:right
B,69,811108.5621418746,"{""I"": [0.0, 204.0], ""M1"": [-59.36302423465007, 111.39313549354807], ""M2"": [44.37491748277344, 95.16231763884824], ""O"": [0.0, 0.0]}",spur:22:88:right;spur:21:84:left;spur:21:84:right
B,70,811108.5621418746,"{""I"": [0.0, 204.0], ""M1"": [59.363024234650084, 111.39313549354807], ""M2"": [-44.37491748277343, 95.16231763884825], ""O"": [0.0, 0.0]}",spur:22:88:right;spur:21:84:left;spur:21:84:right
B,71,812737.496262346,"{""I"": [0.0, 206.0], ""M1"": [-59.06380582175991, 113.20201057216033], ""M2"": [44.37491748277344, 95.16231763884824], ""O"": [0.0, 0.0]}",spur:22:88:right;spur:21:84:left;spur:21:84:right
B,72,812737.496262346,"{""I"": [0.0, 206.0], ""M1"": [59.063805821759914, 113.20201057216033], ""M2"": [-44.37491748277343, 95.16231763884825], ""O"": [0.0, 0.0]}",spur:22:88:right;spur:21:84:left;spur:21:84:right
B,73,812739.9864296785,"{""I"": [0.0, 180.0], ""M1"": [-59.76487544692272, 81.74950553399839], ""M2"": [44.37491748277344, 95.16231763884824], ""O"": [0.0, 0.0]}",spur:23:92:right;spur:21:84:left;spur:21:84:right
B,74,812739.9864296785,"{""I"": [0.0, 180.0], ""M1"": [59.76487544692273, 81.7495055339984], ""M2"": [-44.37491748277343, 95.16231763884825], ""O"": [0.0, 0.0]}",spur:23:92:right;spur:21:84:left;spur:21:84:right
B,75,814330.0985888842,"{""I"": [0.0, 208.0], ""M1"": [-58.73529034245122, 114.9937331768017], ""M2"": [44.37491748277344, 95.16231763884824], ""O"": [0.0, 0.0]}",spur:22:88:right;spur:21:84:left;spur:21:84:right
B,76,814330.0985888842,"{""I"": [0.0, 208.0], ""M1"": [58.73529034245122, 114.9937331768017], ""M2"": [-44.37491748277343, 95.16231763884825], ""O"": [0.0, 0.0]}",spur:22:88:right;spur:21:84:left;spur:21:84:right
B,77,815074.6060985012,"{""I"": [0.0, 182.0], ""M1"": [-60.01988400901234, 83.90507901249575], ""M2"": [44.37491748277344, 95.16231763884824], ""O"": [0.0, 0.0]}",spur:23:92:right;spur:21:84:left;spur:21:84:right
B,78,815074.6060985012,"{""I"": [0.0, 182.0], ""M1"": [60.019884009012344, 83.90507901249575], ""M2"": [-44.37491748277343, 95.16231763884825], ""O"": [0.0, 0.0]}",spur:23:92:right;spur:21:84:left;spur:21:84:right
B,79,815886.9466037982,"{""I"": [0.0, 210.0], ""M1"": [-58.377943464276825, 116.7690195434924], ""M2"": [44.37491748277344, 95.16231763884824], ""O"": [0.0, 0.0]}",spur:22:88:right;spur:21:84:left;spur:21:84:right
B,80,815886.9466037983,"{""I"": [0.0, 210.0], ""M1"": [58.37794346427683, 116.76901954349242], ""M2"": [-44.37491748277343, 95.16231763884825], ""O"": [0.0, 0.0]}",spur:22:88:right;spur:21:84:left;spur:21:84:right
B,81,817346.8990887905,"{""I"": [0.0, 184.0], ""M1"": [-60.227394356999454, 86.03234733358939], ""M2"": [44.37491748277344, 95.16231763884824], ""O"": [0.0, 0.0]}",spur:23:92:right;spur:21:84:left;spur:21:84:right
B,82,817346.8990887905,"{""I"": [0.0, 184.0], ""M1"": [60.22739435699947, 86.03234733358939], ""M2"": [-44.37491748277343, 95.16231763884825], ""O"": [0.0, 0.0]}",spur:23:92:right;spur:21:84:left;spur:21:84:right
B,83,817408.5298483814,"{""I"": [0.0, 212.0], ""M1"": [-57.99215994131377, 118.52856379973034], ""M2"": [44.37491748277344, 95.16231763884824], ""O"": [0.0, 0.0]}",spur:22:88:right;spur:21:84:left;spur:21:84:right
B,84,817408.5298483814,"{""I"": [0.0, 212.0], ""M1"": [57.99215994131377, 118.52856379973034], ""M2"": [-44.37491748277343, 95.16231763884825], ""O"": [0.0, 0.0]}",spur:22:88:right;spur:21:84:left;spur:21:84:right
B,85,819559.5741386926,"{""I"": [0.0, 186.0], ""M1"": [-60.389470779041986, 88.13217168534271], ""M2"": [44.37491748277344, 95.16231763884824], ""O"": [0.0, 0.0]}",spur:23:92:right;spur:21:84:left;spur:21:84:right
B,86,819559.5741386926,"{""I"": [0.0, 186.0], ""M1"": [60.389470779042, 88.13217168534274], ""M2"": [-44.37491748277343, 95.16231763884825], ""O"": [0.0, 0.0]}",spur:23:92:right;spur:21:84:left;spur:21:84:right
B,87,821715.1242706205,"{""I"": [0.0, 188.0], ""M1"": [-60.5080131696174, 90.2054176231351], ""M2"": [44.37491748277344, 95.16231763884824], ""O"": [0.0, 0.0]}",spur:23:92:right;spur:21:84:left;spur:21:84:right
B,88,821715.1242706205,"{""I"": [0.0, 188.0], ""M1"": [60.5080131696174, 90.20541762313512], ""M2"": [-44.37491748277343, 95.16231763884825], ""O"": [0.0, 0.0]}",spur:23:92:right;spur:21:84:left;spur:21:84:right
B,89,823815.84118815,"{""I"": [0.0, 190.0], ""M1"": [-60.58476800117782, 92.25294947547798], ""M2"": [44.37491748277344, 95.16231763884824], ""O"": [0.0, 0.0]}",spur:23:92:right;spur:21:84:left;spur:21:84:right
B,90,823815.84118815,"{""I"": [0.0, 190.0], ""M1"": [60.584768001177835, 92.252949475478], ""M2"": [-44.37491748277343, 95.16231763884825], ""O"": [0.0, 0.0]}",spur:23:92:right;spur:21:84:left;spur:21:84:right
B,91,825863.8286734627,"{""I"": [0.0, 192.0], ""M1"": [-60.6213385341383, 94.27562579208092], ""M2"": [44.37491748277344, 95.16231763884824], ""O"": [0.0, 0.0]}",spur:23:92:right;spur:21:84:left;spur:21:84:right
B,92,825863.8286734628,"{""I"": [0.0, 192.0], ""M1"": [60.62133853413832, 94.27562579208096], ""M2"": [-44.37491748277343, 95.16231763884825], ""O"": [0.0, 0.0]}",spur:23:92:right;spur:21:84:left;spur:21:84:right
B,93,827861.0150046517,"{""I"": [0.0, 194.0], ""M1"": [-60.619194279916144, 96.27429567992985], ""M2"": [44.37491748277344, 95.16231763884824], ""O"": [0.0, 0.0]}",spur:23:92:right;spur:21:84:left;spur:21:84:right
B,94,827861.0150046519,"{""I"": [0.0, 194.0], ""M1"": [60.61919427991617, 96.27429567992985], ""M2"": [-44.37491748277343, 95.16231763884825], ""O"": [0.0, 0.0]}",spur:23:92:right;spur:21:84:left;spur:21:84:right
B,95,829809.1644219599,"{""I"": [0.0, 196.0], ""M1"": [-60.57967973917717, 98.24979589433724], ""M2"": [44.37491748277344, 95.16231763884824], ""O"": [0.0, 0.0]}",spur:23:92:right;spur:21:84:left;spur:21:84:right
B,96,829809.16442196,"{""I"": [0.0, 196.0], ""M1"": [60.57967973917718, 98.24979589433724], ""M2"": [-44.37491748277343, 95.16231763884825], ""O"": [0.0, 0.0]}",spur:23:92:right;spur:21:84:left;spur:21:84:right
B,97,831709.8876784182,"{""I"": [0.0, 198.0], ""M1"": [-60.504022442316554, 100.20294857052357], ""M2"": [44.37491748277344, 95.16231763884824], ""O"": [0.0, 0.0]}",spur:23:92:right;spur:21:84:left;spur:21:84:right
B,98,831709.8876784182,"{""I"": [0.0, 198.0], ""M1"": [60.504022442316554, 100.20294857052359], ""M2"": [-44.37491748277343, 95.16231763884825], ""O"": [0.0, 0.0]}",spur:23:92:right;spur:21:84:left;spur:21:84:right
B,99,833564.6517141232,"{""I"": [0.0, 200.0], ""M1"": [-60.3933403220788, 102.13455949753472], ""M2"": [44.37491748277344, 95.16231763884824], ""O"": [0.0, 0.0]}",spur:23:92:right;spur:21:84:left;spur:21:84:right
B,100,833564.6517141232,"{""I"": [0.0, 200.0], ""M1"": [60.393340322078814, 102.13455949753472], ""M2"": [-44.37491748277343, 95.16231763884825], ""O"": [0.0, 0.0]}",spur:23:92:right;spur:21:84:left;spur:21:84:right
C,1,573664.2612262932,"{""I"": [-10.0, 196.0], ""M1"": [32.31454853333133, 99.90380349659854], ""O"": [0.0, 0.0]}",spur:21:84:left;spur:21:84:right
C,2,573664.2612262932,"{""I"": [10.0, 196.0], ""M1"": [-32.31454853333133, 99.90380349659854], ""O"": [0.0, 0.0]}",spur:21:84:left;spur:21:84:right
C,3,574529.6970925562,"{""I"": [-20.0, 172.0], ""M1"": [49.00780929812896, 92.86137317420105], ""O"": [0.0, 0.0]}",spur:21:84:left;spur:21:84:right
C,4,574529.6970925562,"{""I"": [20.0, 172.0], ""M1"": [-49.00780929812896, 92.86137317420105], ""O"": [0.0, 0.0]}",spur:21:84:left;spur:21:84:right
C,5,576074.0988986444,"{""I"": [-10.0, 194.0], ""M1"": [34.83445577467493, 99.05332246261212], ""O"": [0.0, 0.0]}",spur:21:84:left;spur:21:84:right
C,6,576074.0988986444,"{""I"": [10.0, 194.0], ""M1"": [-34.83445577467493, 99.05332246261212], ""O"": [0.0, 0.0]}",spur:21:84:left;spur:21:84:right
C,7,578179.2427849848,"{""I"": [-10.0, 192.0], ""M1"": [37.18025228115512, 98.1968881396435], ""O"": [0.0, 0.0]}",spur:21:84:left;spur:21:84:right
C,8,578179.2427849848,"{""I"": [10.0, 192.0], ""M1"": [-37.18025228115512, 98.1968881396435], ""O"": [0.0, 0.0]}",spur:21:84:left;spur:21:84:right
C,9,578797.46479813,"{""I"": [-10.0, 198.0], ""M1"": [29.582501643264195, 100.74659099208405], ""O"": [0.0, 0.0]}",spur:21:84:left;spur:21:84:right
C,10,578797.46479813,"{""I"": [10.0, 198.0], ""M1"": [-29.582501643264195, 100.74659099208405], ""O"": [0.0, 0.0]}",spur:21:84:left;spur:21:84:right
C,11,579077.2614786725,"{""I"": [-20.0, 174.0], ""M1"": [47.552058220348265, 93.61517910578716], ""O"": [0.0, 0.0]}",spur:21:84:left;spur:21:84:right
C,12,579077.2614786725,"{""I"": [20.0, 174.0], ""M1"": [-47.552058220348265, 93.61517910578716], ""O"": [0.0, 0.0]}",spur:21:84:left;spur:21:84:right
C,13,580028.0086803823,"{""I"": [-10.0, 190.0], ""M1"": [39.379547078525164, 97.33576563571184], ""O"": [0.0, 0.0]}",spur:21:84:left;spur:21:84:right
C,14,580028.0086803823,"{""I"": [10.0, 190.0], ""M1"": [-39.379547078525164, 97.33576563571184], ""O"": [0.0, 0.0]}",spur:21:84:left;spur:21:84:right
C,15,581656.8034211406,"{""I"": [-10.0, 188.0], ""M1"": [41.45314407324421, 96.47091191878958], ""O"": [0.0, 0.0]}",spur:21:84:left;spur:21:84:right
C,16,581656.8034211406,"{""I"": [10.0, 188.0], ""M1"": [-41.45314407324421, 96.47091191878958], ""O"": [0.0, 0.0]}",spur:21:84:left;spur:21:84:right
C,17,583093.8786473101,"{""I"": [-10.0, 186.0], ""M1"": [43.41718705962673, 95.60307457309823], ""O"": [0.0, 0.0]}",spur:21:84:left;spur:21:84:right
C,18,583093.8786473101,"{""I"": [10.0, 186.0], ""M1"": [-43.41718705962673, 95.60307457309823], ""O"": [0.0, 0.0]}",spur:21:84:left;spur:21:84:right
C,19,583723.9081194694,"{""I"": [-20.0, 176.0], ""M1"": [46.03968871132141, 94.36814644446834], ""O"": [0.0, 0.0]}",spur:21:84:left;spur:21:84:right
C,20,583723.9081194694,"{""I"": [20.0, 176.0], ""M1"": [-46.03968871132141, 94.36814644446834], ""O"": [0.0, 0.0]}",spur:21:84:left;spur:21:84:right
C,21,584361.6862309744,"{""I"": [-10.0, 184.0], ""M1"": [45.28450567886351, 94.73285356950343], ""O"": [0.0, 0.0]}",spur:21:84:left;spur:21:84:right
C,22,584361.6862309744,"{""I"": [10.0, 184.0], ""M1"": [-45.28450567886351, 94.73285356950343], ""O"": [0.0, 0.0]}",spur:21:84:left;spur:21:84:right
C,23,585478.4240535115,"{""I"": [-10.0, 182.0], ""M1"": [47.06549872031327, 93.8607416879293], ""O"": [0.0, 0.0]}",spur:21:84:left;spur:21:84:right
C,24,585478.4240535115,"{""I"": [10.0, 182.0], ""M1"": [-47.06549872031327, 93.8607416879293], ""O"": [0.0, 0.0]}",spur:21:84:left;spur:21:84:right
C,25,586046.0290115416,"{""I"": [-10.0, 200.0], ""M1"": [26.583322092743266, 101.57916610463717], ""O"": [0.0, 0.0]}",spur:21:84:left;spur:21:84:right
C,26,586046.0290115416,"{""I"": [10.0, 200.0], ""M1"": [-26.583322092743266, 101.57916610463717], ""O"": [0.0, 0.0]}",spur:21:84:left;spur:21:84:right
C,27,586459.0885124786,"{""I"": [-10.0, 180.0], ""M1"": [48.768735554008735, 92.9871519752227], ""O"": [0.0, 0.0]}",spur:21:84:left;spur:21:84:right
C,28,586459.0885124786,"{""I"": [10.0, 180.0], ""M1"": [-48.768735554008735, 92.9871519752227], ""O"": [0.0, 0.0]}",spur:21:84:left;spur:21:84:right
C,29,586840.3219834028,"{""I"": [0.0, 210.0], ""M1"": [0.0, 105.0], ""O"": [0.0, 0.0]}",spur:21:84:left;spur:21:84:right
C,30,586840.3219834028,"{""I"": [0.0, 210.0], ""M1"": [0.0, 105.0], ""O"": [0.0, 0.0]}",spur:21:84:left;spur:21:84:right
C,31,588477.8126840747,"{""I"": [-20.0, 178.0], ""M1"": [44.46602896011837, 95.11977853484476], ""O"": [0.0, 0.0]}",spur:21:84:left;spur:21:84:right
C,32,588477.8126840747,"{""I"": [20.0, 178.0], ""M1"": [-44.46602896011837, 95.11977853484476], ""O"": [0.0, 0.0]}",spur:21:84:left;spur:21:84:right
C,33,593348.4844350308,"{""I"": [-20.0, 180.0], ""M1"": [42.825645102429206, 95.86951612249213], ""O"": [0.0, 0.0]}",spur:21:84:left;spur:21:84:right
C,34,593348.4844350308,"{""I"": [20.0, 180.0], ""M1"": [-42.825645102429206, 95.86951612249213], ""O"": [0.0, 0.0]}",spur:21:84:left;spur:21:84:right
C,35,593910.8172034887,"{""I"": [-10.0, 202.0], ""M1"": [23.23201455448784, 102.39762448289544], ""O"": [0.0, 0.0]}",spur:21:84:left;spur:21:84:right
C,36,593910.8172034887,"{""I"": [10.0, 202.0], ""M1"": [-23.23201455448784, 102.39762448289544], ""O"": [0.0, 0.0]}",spur:21:84:left;spur:21:84:right
C,37,598143.9343337097,"{""I"": [-10.0, 202.0], ""M1"": [31.28544290590383, 105.45720014385662], ""O"": [0.0, 0.0]}",spur:21:84:left;spur:22:88:right
C,38,598143.9343337097,"{""I"": [10.0, 202.0], ""M1"": [-31.28544290590383, 105.45720014385662], ""O"": [0.0, 0.0]}",spur:21:84:left;spur:22:88:right
C,39,598347.0910318224,"{""I"": [-20.0, 182.0], ""M1"": [41.112155618548336, 96.6167203976427], ""O"": [0.0, 0.0]}",spur:21:84:left;spur:21:84:right
C,40,598347.0910318224,"{""I"": [20.0, 182.0], ""M1"": [-41.112155618548336, 96.6167203976427], ""O"": [0.0, 0.0]}",spur:21:84:left;spur:21:84:right
C,41,598703.8637050658,"{""I"": [-10.0, 200.0], ""M1"": [33.93614255988159, 104.63430712799409], ""O"": [0.0, 0.0]}",spur:21:84:left;spur:22:88:right
C,42,598703.8637050658,"{""I"": [10.0, 200.0], ""M1"": [-33.93614255988159, 104.63430712799409], ""O"": [0.0, 0.0]}",spur:21:84:left;spur:22:88:right
C,43,599874.4977704309,"{""I"": [-10.0, 204.0], ""M1"": [28.653075529099986, 101.01485664358333], ""O"": [0.0, 0.0]}",spur:22:88:left;spur:21:84:right
C,44,599874.4977704309,"{""I"": [10.0, 204.0], ""M1"": [-28.653075529099986, 101.01485664358333], ""O"": [0.0, 0.0]}",spur:22:88:left;spur:21:84:right
C,45,600804.0883852199,"{""I"": [-10.0, 198.0], ""M1"": [36.39335527717512, 103.8052199634937], ""O"": [0.0, 0.0]}",spur:21:84:left;spur:22:88:right
C,46,600804.0883852199,"{""I"": [10.0, 198.0], ""M1"": [-36.39335527717512, 103.8052199634937], ""O"": [0.0, 0.0]}",spur:21:84:left;spur:22:88:right
C,47,601852.3017588662,"{""I"": [-10.0, 202.0], ""M1"": [31.548253388986172, 100.14842838559338], ""O"": [0.0, 0.0]}",spur:22:88:left;spur:21:84:right
C,48,601852.3017588662,"{""I"": [10.0, 202.0], ""M1"": [-31.548253388986172, 100.14842838559338], ""O"": [0.0, 0.0]}",spur:22:88:left;spur:21:84:right
C,49,602635.7890867328,"{""I"": [-10.0, 196.0], ""M1"": [38.689644975198675, 102.9714104579183], ""O"": [0.0, 0.0]}",spur:21:84:left;spur:22:88:right
C,50,602635.7890867328,"{""I"": [10.0, 196.0], ""M1"": [-38.689644975198675, 102.9714104579183], ""O"": [0.0, 0.0]}",spur:21:84:left;spur:22:88:right
C,51,602645.1356480309,"{""I"": [-10.0, 204.0], ""M1"": [19.38383258617801, 103.19528591108715], ""O"": [0.0, 0.0]}",spur:21:84:left;spur:21:84:right
C,52,602645.1356480309,"{""I"": [10.0, 204.0], ""M1"": [-19.38383258617801, 103.19528591108715], ""O"": [0.0, 0.0]}",spur:21:84:left;spur:21:84:right
C,53,603486.8934493177,"{""I"": [-20.0, 184.0], ""M1"": [39.31798280855099, 97.36065030527729], ""O"": [0.0, 0.0]}",spur:21:84:left;spur:21:84:right
C,54,603486.8934493177,"{""I"": [20.0, 184.0], ""M1"": [-39.31798280855099, 97.36065030527729], ""O"": [0.0, 0.0]}",spur:21:84:left;spur:21:84:right
C,55,603668.4910753391,"{""I"": [-20.0, 184.0], ""M1"": [44.67512242516112, 95.0217524375175], ""O"": [0.0, 0.0]}",spur:22:88:left;spur:21:84:right
C,56,603668.4910753391,"{""I"": [20.0, 184.0], ""M1"": [-44.67512242516112, 95.0217524375175], ""O"": [0.0, 0.0]}",spur:22:88:left;spur:21:84:right
C,57,604239.2030934198,"{""I"": [-10.0, 194.0], ""M1"": [40.84912534849674, 102.13397553342766], ""O"": [0.0, 0.0]}",spur:21:84:left;spur:22:88:right
C,58,604239.2030934198,"{""I"": [10.0, 194.0], ""M1"": [-40.84912534849674, 102.13397553342766], ""O"": [0.0, 0.0]}",spur:21:84:left;spur:22:88:right
C,59,604716.3141237762,"{""I"": [-10.0, 200.0], ""M1"": [34.20422236038034, 99.27271111801903], ""O"": [0.0, 0.0]}",spur:22:88:left;spur:21:84:right
C,60,604716.3141237762,"{""I"": [10.0, 200.0], ""M1"": [-34.20422236038034, 99.27271111801903], ""O"": [0.0, 0.0]}",spur:22:88:left;spur:21:84:right
C,61,604966.4328284727,"{""I"": [-10.0, 204.0], ""M1"": [28.39538063984886, 106.27183238430632], ""O"": [0.0, 0.0]}",spur:21:84:left;spur:22:88:right
C,62,604966.4328284727,"{""I"": [10.0, 204.0], ""M1"": [-28.39538063984886, 106.27183238430632], ""O"": [0.0, 0.0]}",spur:21:84:left;spur:22:88:right
C,63,605645.1234701766,"{""I"": [-10.0, 192.0], ""M1"": [42.8902502908356, 101.29376303598103], ""O"": [0.0, 0.0]}",spur:21:84:left;spur:22:88:right
C,64,605645.1234701766,"{""I"": [10.0, 192.0], ""M1"": [-42.8902502908356, 101.29376303598103], ""O"": [0.0, 0.0]}",spur:21:84:left;spur:22:88:right
C,65,606877.745299196,"{""I"": [-10.0, 190.0], ""M1"": [44.82751960851806, 100.45144840044831], ""O"": [0.0, 0.0]}",spur:21:84:left;spur:22:88:right
C,66,606877.745299196,"{""I"": [10.0, 190.0], ""M1"": [-44.82751960851806, 100.45144840044831], ""O"": [0.0, 0.0]}",spur:21:84:left;spur:22:88:right
C,67,607226.2768314828,"{""I"": [-10.0, 198.0], ""M1"": [36.6668643347774, 98.38974062296856], ""O"": [0.0, 0.0]}",spur:22:88:left;spur:21:84:right
C,68,607226.2768314828,"{""I"": [10.0, 198.0], ""M1"": [-36.6668643347774, 98.38974062296856], ""O"": [0.0, 0.0]}",spur:22:88:left;spur:21:84:right
C,69,607739.9066266106,"{""I"": [-10.0, 206.0], ""M1"": [25.45029914659341, 101.86894656051423], ""O"": [0.0, 0.0]}",spur:22:88:left;spur:21:84:right
C,70,607739.9066266106,"{""I"": [10.0, 206.0], ""M1"": [-25.45029914659341, 101.86894656051423], ""O"": [0.0, 0.0]}",spur:22:88:left;spur:21:84:right
C,71,608783.8404469719,"{""I"": [-20.0, 186.0], ""M1"": [37.43401309560571, 98.10043151565654], ""O"": [0.0, 0.0]}",spur:21:84:left;spur:21:84:right
C,72,608783.8404469719,"{""I"": [20.0, 186.0], ""M1"": [-37.43401309560571, 98.10043151565654], ""O"": [0.0, 0.0]}",spur:21:84:left;spur:21:84:right
C,73,608794.5049290882,"{""I"": [-20.0, 186.0], ""M1"": [42.96817861482, 95.80571813062583], ""O"": [0.0, 0.0]}",spur:22:88:left;spur:21:84:right
C,74,608794.5049290882,"{""I"": [20.0, 186.0], ""M1"": [-42.96817861482, 95.80571813062583], ""O"": [0.0, 0.0]}",spur:22:88:left;spur:21:84:right
C,75,609441.8378207834,"{""I"": [-10.0, 196.0], ""M1"": [38.96874976281938, 97.50095662055203], ""O"": [0.0, 0.0]}",spur:22:88:left;spur:21:84:right
C,76,609441.8378207834,"{""I"": [10.0, 196.0], ""M1"": [-38.96874976281938, 97.50095662055203], ""O"": [0.0, 0.0]}",spur:22:88:left;spur:21:84:right
C,77,610139.7784993045,"{""I"": [0.0, 208.0], ""M1"": [-14.45683229480096, 104.0], ""O"": [0.0, 0.0]}",spur:21:84:left;spur:21:84:right
C,78,610139.7784993045,"{""I"": [0.0, 208.0], ""M1"": [14.45683229480096, 104.0], ""O"": [0.0, 0.0]}",spur:21:84:left;spur:21:84:right
C,79,611407.1703200614,"{""I"": [-10.0, 194.0], ""M1"": [41.1339992090013, 96.60742263963925], ""O"": [0.0, 0.0]}",spur:22:88:left;spur:21:84:right
C,80,611407.1703200614,"{""I"": [10.0, 194.0], ""M1"": [-41.1339992090013, 96.60742263963925], ""O"": [0.0, 0.0]}",spur:22:88:left;spur:21:84:right
C,81,611984.5436450636,"{""I"": [-20.0, 184.0], ""M1"": [44.04749514818775, 100.79592338567258], ""O"": [0.0, 0.0]}",spur:21:84:left;spur:22:88:right
C,82,611984.5436450636,"{""I"": [20.0, 184.0], ""M1"": [-44.04749514818775, 100.79592338567258], ""O"": [0.0, 0.0]}",spur:21:84:left;spur:22:88:right
C,83,612302.4518191641,"{""I"": [-10.0, 206.0], ""M1"": [25.19757204484433, 107.07512485654584], ""O"": [0.0, 0.0]}",spur:21:84:left;spur:22:88:right
C,84,612302.4518191641,"{""I"": [10.0, 206.0], ""M1"": [-25.19757204484433, 107.07512485654584], ""O"": [0.0, 0.0]}",spur:21:84:left;spur:22:88:right
C,85,612753.5328704052,"{""I"": [-10.0, 206.0], ""M1"": [14.7504627448212, 103.95876032741849], ""O"": [0.0, 0.0]}",spur:21:84:left;spur:21:84:right
C,86,612753.5328704052,"{""I"": [10.0, 206.0], ""M1"": [-14.7504627448212, 103.95876032741849], ""O"": [0.0, 0.0]}",spur:21:84:left;spur:21:84:right
C,87,613156.0831290542,"{""I"": [-10.0, 192.0], ""M1"": [43.181073794785405, 95.70995176014507], ""O"": [0.0, 0.0]}",spur:22:88:left;spur:21:84:right
C,88,613156.0831290542,"{""I"": [10.0, 192.0], ""M1"": [-43.181073794785405, 95.70995176014507], ""O"": [0.0, 0.0]}",spur:22:88:left;spur:21:84:right
C,89,614061.7774685543,"{""I"": [-20.0, 188.0], ""M1"": [41.18410122461563, 96.58607459836337], ""O"": [0.0, 0.0]}",spur:22:88:left;spur:21:84:right
C,90,614061.7774685543,"{""I"": [20.0, 188.0], ""M1"": [-41.18410122461563, 96.58607459836337], ""O"": [0.0, 0.0]}",spur:22:88:left;spur:21:84:right
C,91,614257.4006462264,"{""I"": [-20.0, 188.0], ""M1"": [35.449121553174585, 98.83501293118879], ""O"": [0.0, 0.0]}",spur:21:84:left;spur:21:84:right
C,92,614257.4006462264,"{""I"": [20.0, 188.0], ""M1"": [-35.449121553174585, 98.83501293118879], ""O"": [0.0, 0.0]}",spur:21:84:left;spur:21:84:right
C,93,614715.1444205687,"{""I"": [-10.0, 190.0], ""M1"": [45.12448093448491, 94.80918320707815], ""O"": [0.0, 0.0]}",spur:22:88:left;spur:21:84:right
C,94,614715.1444205687,"{""I"": [10.0, 190.0], ""M1"": [-45.12448093448491, 94.80918320707815], ""O"": [0.0, 0.0]}",spur:22:88:left;spur:21:84:right
C,95,616370.7650808248,"{""I"": [-10.0, 208.0], ""M1"": [21.82955294225561, 102.70574773760842], ""O"": [0.0, 0.0]}",spur:22:88:left;spur:21:84:right
C,96,616370.7650808248,"{""I"": [10.0, 208.0], ""M1"": [-21.82955294225561, 102.70574773760842], ""O"": [0.0, 0.0]}",spur:22:88:left;spur:21:84:right
C,97,616810.6879062945,"{""I"": [-20.0, 186.0], ""M1"": [42.35382268842841, 101.51922824606757], ""O"": [0.0, 0.0]}",spur:21:84:left;spur:22:88:right
C,98,616810.6879062945,"{""I"": [20.0, 186.0], ""M1"": [-42.35382268842841, 101.51922824606757], ""O"": [0.0, 0.0]}",spur:21:84:left;spur:22:88:right
C,99,618533.4585785524,"{""I"": [0.0, 206.0], ""M1"": [-20.396078054371138, 103.0], ""O"": [0.0, 0.0]}",spur:21:84:left;spur:21:84:right
C,100,618533.4585785524,"{""I"": [0.0, 206.0], ""M1"": [20.396078054371138, 103.0], ""O"": [0.0, 0.0]}",spur:21:84:left;spur:21:84:right
