crank_deg,supported,contact_legs,body_tilt_deg,cog_edge_margin_mm,ground_normal_body_x,ground_normal_body_y,same_stance_direction
0,True,0:3:4,0.0,39.3657941596141,-0.0,-0.0,True
1,True,0:3:4,0.0009377859213446621,39.67767850481379,-0.0,1.6367454870166857e-05,True
2,True,0:3:4,0.001870106738099351,39.989460098732934,-0.0,3.263952145407661e-05,True
3,True,0:3:4,0.002791521402619649,40.301140210555836,-0.0,4.872124119796797e-05,True
4,True,0:3:4,0.0036966382705827666,40.61271984982849,-0.0,6.451850918747842e-05,True
5,True,0:3:4,0.004580137778311426,40.92420020939847,-0.0,7.993848647480863e-05,True
6,True,0:3:4,0.005436796325739567,41.235582920561185,-0.0,9.488999526188651e-05,True
7,True,0:3:4,0.006261505727234673,41.54687007871435,-0.0,0.00010928389160776156,True
8,True,0:3:4,0.007049295175616777,41.858064027265144,-0.0,0.0001230334106760817,True
9,True,0:3:4,0.0077953474968452344,42.16916692275545,-0.0,0.000136054479907387,True
10,True,0:3:4,0.008495015825041504,42.480180141036406,-0.0,0.00014826599598534475,True
11,True,0:3:4,0.00914383707961883,42.79110361559804,-0.0,0.00015959006194736112,True
12,True,0:3:4,0.009737542741931806,43.10193521622506,-0.0,0.000169952181363888,True
13,True,0:3:4,0.010272068064576164,42.8943235925327,-0.0,0.00017928140705751751,True
14,True,0:3:4,0.010743557029534253,42.30566598167746,-0.0,0.00018751044247573845,True
15,True,0:3:4,0.011148366179490738,41.71563290991433,-0.0,0.00019457569438503623,True
16,True,0:3:4,0.011483064174759973,41.124298115223255,-0.0,0.00020041727621102689,True
17,True,0:3:4,0.011744429488779216,40.53173965237255,-0.0,0.00020497896189985634,True
18,True,0:3:4,0.01192944491924836,39.93803886886891,-0.0,0.00020820809076228206,True
19,True,0:3:4,0.012035289385521883,39.343279364689515,-0.0,0.00021005542430179867,True
20,True,0:3:4,0.012059326802983926,38.747546071085125,-0.0,0.0002104749565123689,True
21,True,0:3:4,0.011999093037034711,38.150924539014476,-0.0,0.00020942367958702858,True
22,True,0:3:4,0.011852279939276145,37.55350047827671,-0.0,0.0002068613073819433,True
23,True,0:3:4,0.01161671702093221,36.9553595457438,-0.0,0.00020274995930826364,True
24,True,0:3:4,0.011290351557674787,36.356587351433966,-0.0,0.00019705380762752964,True
25,True,0:3:4,0.010871226279918116,35.757269635545924,-0.0,0.00018973869132208533,True
26,True,0:3:4,0.010357455517013886,35.15749256563307,-0.0,0.00018077169990846613,True
27,True,0:3:4,0.009747199903311032,34.5573431070812,-0.0,0.00017012073062604673,True
28,True,0:3:4,0.009038639748721036,33.95690942823873,-0.0,0.00015775402251853412,True
29,True,0:3:4,0.00822994694052494,33.35628131107041,-0.0,0.00014363967088438007,True
30,True,0:3:4,0.007319256621141464,32.75555054720072,-0.0,0.00012774512553016568,True
31,True,0:3:4,0.0063046370814459265,32.15481130675856,-0.0,0.00011003667616069058,True
32,True,0:3:4,0.005184060642509699,31.5541604732254,-0.0,9.047892807936637e-05,True
33,True,0:3:4,0.003955372423327099,30.95369794162032,-0.0,6.903427119941136e-05,True
34,True,0:3:4,0.0026162596122246144,30.353526880087273,-0.0,4.566234516251061e-05,True
35,True,0:3:4,0.0011642217224543444,29.75375395662938,-0.0,2.0319503107129795e-05,True
36,True,0:3:4,0.0004034611228835966,29.15448953364212,-0.0,-7.041723605033269e-06,True
37,True,0:3:4,0.0020897579844923993,28.555847833298117,-0.0,-3.6473157674211484e-05,True
38,True,0:3:4,0.003897918052237663,27.957947076923137,-0.0,-6.803150341652617e-05,True
39,True,0:3:4,0.0058314996332994706,27.360909601397083,-0.0,-0.00010177886809857213,True
40,True,0:3:4,0.007894400194133231,26.764861955429865,-0.0,-0.00013778327587427098,True
41,True,0:3:4,0.010090885387675354,26.1699349783366,-0.0,-0.00017611917340055569,True
42,True,0:3:4,0.012425616996838227,25.57626386372122,-0.0,-0.00021686792649269063,True
43,True,0:3:4,0.014903681337478518,24.983988210273633,-0.0,-0.00026011830743150174,True
44,True,0:3:4,0.01753061650985968,24.39325206172038,-0.0,-0.00030596697278509105,True
45,True,0:3:4,0.02031243896264123,23.80420393782037,-0.0,-0.000354518931842263,True
46,True,0:3:4,0.023255670324795988,23.216996858184892,-0.0,-0.0004058880059659329,True
47,True,0:3:4,0.02636736278420891,22.631788360606677,-0.0,-0.0004601972793847227,True
48,True,0:3:4,0.02965512464039436,22.048740515503134,-0.0,-0.0005175795421178558,True
49,True,0:3:4,0.03312714534094072,21.46801993801903,-0.0,-0.0005781777258973573,True
50,True,0:3:4,0.03679222000121378,20.889797799274668,-0.0,-0.0006421453340961388,True
51,True,0:3:4,0.040659773832792165,20.314249838197306,-0.0,-0.0007096468668176097,True
52,True,0:3:4,0.04473988623265499,19.741556375320073,-0.0,-0.0007808582423881533,True
53,True,0:3:4,0.04904331490557067,19.171902329888013,-0.0,-0.0008559672166312069,True
54,True,0:3:4,0.05358151974070091,18.60547724155291,-0.0,-0.0009351738013520403,True
55,True,0:3:4,0.05836668689334391,18.0424752978845,-0.0,-0.0010186906835581945,True
56,True,0:3:4,0.06341175291565496,17.483095368862863,-0.0,-0.001106743646980473,True
57,True,0:3:4,0.06873042916666595,16.92754104945157,-0.0,-0.001199571997520642,True
58,True,0:3:4,0.074337226447492,16.376020711275075,-0.0,-0.0012974289942689942,True
59,True,0:3:4,0.08024748018668512,15.828747564353066,-0.0,-0.001400582287785415,True
60,True,0:3:4,0.08647737604018511,15.285939729751888,-0.0,-0.0015093143673200078,True
61,True,0:3:4,0.09304397612118491,14.747820323936418,-0.0,-0.0016239230186894781,True
62,True,0:3:4,0.09996524596810805,14.214617555505068,-0.0,-0.0017447217945058878,True
63,True,0:3:4,0.10726008228929379,13.686564834902779,-0.0,-0.0018720404984556402,True
64,True,0:3:4,0.11494834162862028,13.163900897603346,-0.0,-0.002006225685305412,True
65,True,0:3:4,0.12305087001960018,12.646869941158927,-0.0,-0.0021476411783138576,True
66,True,0:3:4,0.13158953372750581,12.135721776408374,-0.0,-0.002296668605673278,True
67,True,0:3:4,0.14058725120238758,11.630711993041198,-0.0,-0.002453707957606573,True
68,True,0:3:4,0.1500680262662645,11.132102139606431,-0.0,-0.0026191781656824844,True
69,True,0:3:4,0.16005698271665944,10.64015991796487,-0.0,-0.0027935177058936765,True
70,True,0:3:4,0.17058040032823335,10.155159392079586,-0.0,-0.00297718522697921,True
71,True,0:3:4,0.18166575242468405,9.67738121094711,-0.0,-0.003170660205420716,True
72,True,0:3:4,0.19334174504378687,9.20711284538246,-0.0,-0.003374443628489777,True
73,True,0:3:4,0.2056383577998042,8.74464883827792,-0.0,-0.0035890587066313004,True
74,True,0:3:4,0.218586886490729,8.290291067876817,-0.0,-0.0038150516164088878,True
75,True,0:3:4,0.23221998753504772,7.844349023518031,-0.0,-0.004052992275122816,True
76,True,0:3:4,0.24657172431068022,7.407140093235212,-0.0,-0.004303475148118768,True
77,True,0:3:4,0.26167761537608686,6.978989862516283,-0.0,-0.004567120089663816,True
78,True,0:3:4,0.2775746847232568,6.560232423467219,-0.0,-0.004844573218142862,True
79,True,0:3:4,0.29430151401022786,6.15121069355093,-0.0,-0.005136507826140856,True
80,True,0:3:4,0.3118982968470359,5.752276743012306,-0.0,-0.005443625325798701,True
81,True,0:3:4,0.3304068951191155,5.363792130040018,-0.0,-0.005766656229610286,True
82,True,0:3:4,0.3498708973600382,4.986128242649512,-0.0,-0.006106361166565618,True
83,True,0:3:4,0.3703356791549467,4.619666646214216,-0.0,-0.00646353193326222,True
84,True,0:3:4,0.3918484655331751,4.264799435506933,-0.0,-0.006838992579273898,True
85,True,0:3:4,0.41445839527927086,3.921929590042037,-0.0,-0.007233600525673848,True
86,True,0:3:4,0.4382165871186153,3.591471331439012,-0.0,-0.007648247715179152,True
87,True,0:3:4,0.4631762076054476,3.2738504814431204,-0.0,-0.008083861791880463,True
88,True,0:3:4,0.4893925406291424,2.9695048191469406,-0.0,-0.008541407307951396,True
89,True,0:1:4,0.40343267119647436,2.2734615442281476,-0.0,-0.0070411702399294585,True
90,True,0:1:4,0.0,0.4532332969294739,-0.0,-0.0,True
91,True,0:2:4,0.544584563901571,1.8601962632539273,-0.0,0.009504650584010534,True
92,True,1:2:5,0.4893925406276529,23.591939167321215,-0.0,0.008541407307951396,True
93,True,1:2:5,0.4631762076054476,23.896713798221658,-0.0,0.008083861791880463,True
94,True,1:2:5,0.4382165871186153,24.214895760074683,-0.0,0.007648247715179026,True
95,True,1:2:5,0.41445839527927086,24.54604279365712,-0.0,0.0072336005256738506,True
96,True,1:2:5,0.3918484655331751,24.889723129976417,-0.0,0.006838992579273901,True
97,True,1:2:5,0.3703356791549467,25.24551521213122,-0.0,0.00646353193326222,True
98,True,1:2:5,0.3498708973600382,25.613007430100158,-0.0,0.006106361166565746,True
99,True,1:2:5,0.3304068951191155,25.99179786898973,-0.0,0.005766656229610538,True
100,True,1:2:5,0.3118982968470359,26.38149407103064,-0.0,0.005443625325798953,True
101,True,1:2:5,0.29430151401022786,26.781712811400595,-0.0,0.005136507826140729,True
102,True,1:2:5,0.2775746847232568,27.192079887760627,-0.0,0.004844573218142862,True
103,True,1:2:5,0.2616776153788725,27.612229923217086,-0.0,0.004567120089663815,True
104,True,1:2:5,0.24657172431068022,28.041806182270722,-0.0,0.004303475148118518,True
105,True,1:2:5,0.23221998753504772,28.480460399183876,-0.0,0.004052992275122816,True
106,True,1:2:5,0.218586886490729,28.92785261807516,-0.0,0.003815051616408889,True
107,True,1:2:5,0.2056383577998042,29.383651043960874,-0.0,0.0035890587066313004,True
108,True,1:2:5,0.19334174504378687,29.847531903877325,-0.0,0.003374443628489526,True
109,True,1:2:5,0.18166575242468405,30.31917931715206,-0.0,0.003170660205420841,True
110,True,1:2:5,0.17058040032823335,30.798285173846526,-0.0,0.00297718522697921,True
111,True,1:2:5,0.16005698271665944,31.28454902035543,-0.0,0.0027935177058938014,True
112,True,1:2:5,0.1500680262662645,31.777677951127117,-0.0,0.0026191781656822333,True
113,True,1:2:5,0.14058725120238758,32.27738650546296,-0.0,0.0024537079576065746,True
114,True,1:2:5,0.13158953372750581,32.783396568358214,-0.0,0.002296668605673278,True
115,True,1:2:5,0.12305087001960018,33.29543727436345,-0.0,0.0021476411783137345,True
116,True,1:2:5,0.11494834162862028,33.813244913473525,-0.0,0.002006225685305165,True
117,True,1:2:5,0.10726008228929379,34.33656283809016,-0.0,0.0018720404984556402,True
118,True,1:2:5,0.09996524596446214,34.86514137014616,-0.0,0.001744721794506136,True
119,True,1:2:5,0.09304397612118491,35.3987377075425,-0.0,0.0016239230186892311,True
120,True,1:2:5,0.08647737604018511,35.937115829103085,-0.0,0.0015093143673200076,True
121,True,1:2:5,0.08024748018668512,36.480046397326,-0.0,0.0014005822877854151,True
122,True,1:2:5,0.074337226447492,37.02730665828106,-0.0,0.0012974289942689942,True
123,True,1:2:5,0.06873042916666595,37.578680338081256,-0.0,0.0011995719975206416,True
124,True,1:2:5,0.06341175291565496,38.1339575354348,-0.0,0.001106743646980963,True
125,True,1:2:5,0.05836668689334391,38.69293460986909,-0.0,0.0010186906835581945,True
126,True,1:2:5,0.05358151974070091,39.25541406529647,-0.0,0.0009351738013517955,True
127,True,1:2:5,0.04904331490557067,39.821204428675685,-0.0,0.0008559672166312071,True
128,True,1:2:5,0.0447398862408013,40.39012012360139,-0.0,0.0007808582423886408,True
129,True,1:2:5,0.040659773832792165,40.96198133873098,-0.0,0.0007096468668176097,True
130,True,1:2:5,0.03679222000121378,41.536613891029916,-0.0,0.0006421453340963822,True
131,True,1:2:5,0.03312714534094072,42.11384908387735,-0.0,0.0005781777258971144,True
132,True,1:2:5,0.02965512464039436,41.9457052765277,-0.0,0.0005175795421180985,True
133,True,1:2:5,0.02636736278420891,41.64547593344491,-0.0,0.0004601972793847228,True
134,True,1:2:5,0.023255670324795988,41.34373641765157,-0.0,0.0004058880059659328,True
135,True,1:2:5,0.02031243896264123,41.04055566274994,-0.0,0.000354518931842263,True
136,True,1:2:5,0.017530616468279313,40.73599878884762,-0.0,0.00030596697278509094,True
137,True,1:2:5,0.014903681337478518,40.43012723346687,-0.0,0.00026011830743150174,True
138,True,1:2:5,0.012425616996838227,40.122998885899676,-0.0,0.00021686792649269057,True
139,True,1:2:5,0.010090885387675354,39.81466822500448,-0.0,0.00017611917340055569,True
140,True,1:2:5,0.007894400194133231,39.50518646049193,-0.0,0.00013778327587427106,True
141,True,1:2:5,0.005831499570800158,39.1946016778149,-0.0,0.00010177886809833174,True
142,True,1:2:5,0.003897918052237663,38.882958986872325,-0.0,6.803150341652617e-05,True
143,True,1:2:5,0.0020897579844923993,38.57030067485265,-0.0,3.6473157673971625e-05,True
144,True,1:2:5,0.0004034611228835966,38.25666636368555,-0.0,7.041723605033267e-06,True
145,True,1:2:5,0.0011642217224543444,37.94209317274046,0.0,-2.03195031071298e-05,True
146,True,1:2:5,0.0026162596122246144,37.62661588759395,0.0,-4.566234516227145e-05,True
147,True,1:2:5,0.003955372423327099,37.31026713588812,0.0,-6.903427119941136e-05,True
148,True,1:2:5,0.005184060642509699,36.993077571479766,0.0,-9.047892807936637e-05,True
149,True,1:2:5,0.006304637197063911,36.67507606822063,0.0,-0.00011003667616069054,True
150,True,1:2:5,0.007319256621141464,36.35628992473655,0.0,-0.0001277451255299273,True
151,True,1:2:5,0.00822994694052494,36.03674508142464,0.0,-0.00014363967088438007,True
152,True,1:2:5,0.009038639748721036,35.716466350437116,0.0,-0.00015775402251853407,True
153,True,1:2:5,0.009747199903311032,35.39547765852685,0.0,-0.00017012073062604673,True
154,True,1:2:5,0.010357455517013886,35.073802301107186,0.0,-0.00018077169990822847,True
155,True,1:2:5,0.010871226279918116,34.75146320354594,0.0,-0.00018973869132208533,True
156,True,1:2:5,0.011290351557674787,34.42848318239821,0.0,-0.00019705380762729237,True
157,True,1:2:5,0.01161671702093221,34.10488519494608,0.0,-0.00020274995930850064,True
158,True,1:2:5,0.011852279939276145,33.78069256022248,0.0,-0.00020686130738170648,True
159,True,1:2:5,0.011999093037034711,33.45592912920837,0.0,-0.0002094236795870285,True
160,True,1:2:5,0.012059326802983926,33.130619377195224,0.0,-0.0002104749565123689,True
161,True,1:2:5,0.01203528935523888,32.804788389086696,0.0,-0.00021005542430179867,True
162,True,1:2:5,0.01192944491924836,32.47846171085747,0.0,-0.00020820809076228206,True
163,True,1:2:5,0.011744429488779216,32.151665049691736,0.0,-0.00020497896190009248,True
164,True,1:2:5,0.011483064143020647,31.82442382286229,0.0,-0.00020041727621126294,True
165,True,1:2:5,0.011148366179490738,31.496762580546235,0.0,-0.00019457569438456428,True
166,True,1:2:5,0.010743557029534253,31.168704356869128,0.0,-0.0001875104424755025,True
167,True,1:2:5,0.010272068064576164,30.840270029681836,0.0,-0.0001792814070575175,True
168,True,1:2:5,0.009737542741931806,30.5114777841909,0.0,-0.000169952181363888,True
169,True,1:2:5,0.00914383707961883,30.18234277088049,0.0,-0.00015959006194712542,True
170,True,1:2:5,0.008495015825041504,29.85287702111462,0.0,-0.00014826599598510913,True
171,True,1:2:5,0.0077953474968452344,29.523089638369235,0.0,-0.00013605447990762255,True
172,True,1:2:5,0.007049295175616777,29.192987229975532,0.0,-0.00012303341067631705,True
173,True,1:2:5,0.006261505727234673,28.862574497487362,0.0,-0.00010928389160776157,True
174,True,1:2:5,0.005436796325739567,28.531854875359564,0.0,-9.488999526165118e-05,True
175,True,1:2:5,0.004580137778311426,28.20083110330587,0.0,-7.993848647480863e-05,True
176,True,1:2:5,0.0036966382705827666,27.86950563583438,0.0,-6.451850918747843e-05,True
177,True,1:2:5,0.002791521402619649,27.537880825730962,0.0,-4.872124119796791e-05,True
178,True,1:2:5,0.001870106738099351,27.205958857499716,0.0,-3.263952145407661e-05,True
179,True,1:2:5,0.0009377859213446621,26.873741444251397,0.0,-1.636745487040204e-05,True
180,True,1:2:5,0.0,26.541229332845955,-0.0,0.0,True
181,True,1:2:5,0.0009377859213446621,26.208421686084602,-0.0,1.6367454870166857e-05,True
182,True,1:2:5,0.001870106738099351,25.875315428192742,-0.0,3.2639521454076605e-05,True
183,True,1:2:5,0.002791521402619649,25.541904651766313,-0.0,4.872124119796794e-05,True
184,True,1:2:5,0.0036966382705827666,25.208180190541714,-0.0,6.45185091874784e-05,True
185,True,1:2:5,0.004580137778311426,24.874129460597207,-0.0,7.99384864748086e-05,True
186,True,1:2:5,0.005436796325739567,24.53973665892165,-0.0,9.488999526188651e-05,True
187,True,1:2:5,0.006261505727234673,24.204983378309045,-0.0,0.00010928389160776152,True
188,True,1:2:5,0.007049295175616777,23.869849648838567,-0.0,0.0001230334106760817,True
189,True,1:2:5,0.0077953474968452344,23.53431535122738,-0.0,0.000136054479907387,True
190,True,1:2:5,0.008495015825041504,23.1983618755071,-0.0,0.00014826599598510924,True
191,True,1:2:5,0.00914383707961883,22.861973835954846,-0.0,0.00015959006194736107,True
192,True,1:2:5,0.009737542741931806,22.525140619109692,-0.0,0.00016995218136365225,True
193,True,1:2:5,0.010272068064576164,22.187857551195872,-0.0,0.00017928140705751751,True
194,True,1:2:5,0.010743557029534253,21.850126528197563,-0.0,0.0001875104424755026,True
195,True,1:2:5,0.011148366179490738,21.511956044935808,-0.0,0.00019457569438527218,True
196,True,1:2:5,0.011483064143020647,21.173360664992583,-0.0,0.00020041727621102678,True
197,True,1:2:5,0.011744429488779216,20.834360063447182,-0.0,0.00020497896190009243,True
198,True,1:2:5,0.01192944491924836,20.494977827756703,-0.0,0.00020820809076228206,True
199,True,1:2:5,0.01203528935523888,20.155240210772288,-0.0,0.00021005542430203497,True
200,True,1:2:5,0.012059326802983926,19.815175000046583,-0.0,0.00021047495651213213,True
201,True,1:2:5,0.011999093037034711,19.474810614624268,-0.0,0.00020942367958726537,True
202,True,1:2:5,0.011852279939276145,19.134175481878845,-0.0,0.0002068613073819433,True
203,True,1:2:5,0.01161671702093221,18.79329769631148,-0.0,0.00020274995930850054,True
204,True,1:2:5,0.011290351557674787,18.452204926865257,-0.0,0.00019705380762752973,True
205,True,1:2:5,0.010871226279918116,18.110924520453825,-0.0,0.0001897386913220853,True
206,True,1:2:5,0.010357455517013886,17.76948374433599,-0.0,0.00018077169990846602,True
207,True,1:2:5,0.009747199903311032,17.427910114264805,-0.0,0.00017012073062580896,True
208,True,1:2:5,0.009038639748721036,17.08623176463125,-0.0,0.00015775402251877197,True
209,True,1:2:5,0.00822994694052494,16.744477827732577,-0.0,0.00014363967088438004,True
210,True,1:2:5,0.007319256621141464,16.402678799628823,-0.0,0.00012774512552992732,True
211,True,1:2:5,0.0063046370814459265,16.060866878712226,-0.0,0.00011003667616069058,True
212,True,1:2:5,0.005184060783119441,15.719076269733323,-0.0,9.047892807936637e-05,True
213,True,1:2:5,0.003955372423327099,15.377343450715898,-0.0,6.903427119965028e-05,True
214,True,1:2:5,0.0026162596122246144,15.035707403255742,-0.0,4.566234516251061e-05,True
215,True,1:2:5,0.0011642217224543444,14.694209808526336,-0.0,2.0319503107129795e-05,True
216,True,1:2:5,0.0004034611228835966,14.352895212253614,0.0,-7.041723605033269e-06,True
217,True,1:2:5,0.0020897579844923993,14.011811162271542,0.0,-3.6473157673971625e-05,True
218,True,1:2:5,0.003897918052237663,13.671008322259322,0.0,-6.803150341652617e-05,True
219,True,1:2:5,0.005831499570800158,13.33054056503678,0.0,-0.00010177886809881247,True
220,True,1:2:5,0.007894400194133231,12.99046504848348,0.0,-0.00013778327587427098,True
221,True,1:2:5,0.010090885387675354,12.650842276799358,0.0,-0.0001761191734005557,True
222,True,1:2:5,0.012425616996838227,12.311736149494612,0.0,-0.0002168679264924495,True
223,True,1:2:5,0.014903681337478518,11.97321400019683,0.0,-0.00026011830743150163,True
224,True,1:2:5,0.01753061650985968,11.635346627105921,0.0,-0.00030596697278509105,True
225,True,1:2:5,0.02031243896264123,11.298208316714593,0.0,-0.000354518931842263,True
226,True,1:2:5,0.023255670324795988,10.961876862234604,0.0,-0.0004058880059656904,True
227,True,1:2:5,0.02636736278420891,10.626433578034428,0.0,-0.0004601972793847225,True
228,True,1:2:5,0.02965512464039436,10.291963311278286,0.0,-0.0005175795421178558,True
229,True,1:2:5,0.03312714534094072,9.958554451873615,0.0,-0.0005781777258971143,True
230,True,1:2:5,0.03679222000121378,9.626298941761371,0.0,-0.0006421453340961388,True
231,True,1:2:5,0.040659773832792165,9.295292284529339,0.0,-0.0007096468668176095,True
232,True,1:2:5,0.04473988623265499,8.965633556279577,0.0,-0.0007808582423881533,True
233,True,1:2:5,0.04904331490557067,8.637425418642003,0.0,-0.0008559672166312069,True
234,True,1:2:5,0.05358151974070091,8.310774134785799,0.0,-0.0009351738013522852,True
235,True,1:2:5,0.05836668689334391,7.98578958924587,0.0,-0.0010186906835579497,True
236,True,1:2:5,0.06341175291565496,7.662585312344063,0.0,-0.0011067436469812083,True
237,True,1:2:5,0.06873042916666595,7.341278509945687,0.0,-0.001199571997520642,True
238,True,1:2:5,0.07433722644258914,7.021990099256353,0.0,-0.0012974289942689937,True
239,True,1:2:5,0.08024748018668512,6.70484475131587,0.0,-0.0014005822877854151,True
240,True,1:2:5,0.08647737604018511,6.389970940806876,0.0,-0.0015093143673200076,True
241,True,1:2:5,0.09304397612118491,6.0775010037455415,0.0,-0.0016239230186894786,True
242,True,1:2:5,0.09996524596810805,5.76757120357321,0.0,-0.0017447217945058878,True
243,True,1:2:5,0.10726008228929379,5.46032180611532,0.0,-0.0018720404984558876,True
244,True,1:2:5,0.11494834162862028,5.1558971638205335,0.0,-0.002006225685305412,True
245,True,1:2:5,0.12305087001960018,4.854445809639055,0.0,-0.0021476411783138576,True
246,True,1:2:5,0.13158953372750581,4.556120560839093,0.0,-0.002296668605673278,True
247,True,1:2:5,0.14058725120238758,4.2610786330093715,0.0,-0.0024537079576065737,True
248,True,1:2:5,0.1500680262662645,3.9694817644317477,0.0,-0.002619178165682484,True
249,True,1:2:5,0.16005698271665944,3.681496350956942,0.0,-0.0027935177058938006,True
250,True,1:2:5,0.17058040032823335,3.3972935914569597,0.0,-0.002977185226979209,True
251,True,1:2:5,0.18166575242468405,3.1170496438726767,0.0,-0.003170660205420716,True
252,True,1:2:5,0.19334174504378687,2.8409457918229926,0.0,-0.003374443628490028,True
253,True,1:2:5,0.2056383577998042,2.569168621686561,0.0,-0.003589058706631048,True
254,True,1:2:5,0.218586886490729,2.3019102100208233,0.0,-0.0038150516164091397,True
255,True,1:2:5,0.23221998753504772,2.039368321128046,0.0,-0.004052992275122816,True
256,True,1:2:5,0.24657172431068022,1.7817466145388552,0.0,-0.004303475148118643,True
257,True,1:2:5,0.26167761537608686,1.529254862129991,0.0,-0.004567120089664068,True
258,True,1:2:5,0.2775746847232568,1.2821091745561386,0.0,-0.00484457321814261,True
259,True,1:2:5,0.29430151401022786,1.0405322366307168,0.0,-0.005136507826140856,True
260,True,1:2:5,0.3118982968470359,0.8047535512439803,0.0,-0.005443625325798701,True
261,True,1:2:5,0.3304068951191155,0.5750096913742457,0.0,-0.005766656229610286,True
262,True,1:2:5,0.3498708973600382,0.3515445596955148,0.0,-0.006106361166565617,True
263,True,1:2:5,0.3703356791549467,0.13460965524602536,0.0,-0.0064635319332622225,True
264,True,2:4:5,1.1961420278725574,5.08558615140317,-0.01913475047743685,0.008344527318835684,True
265,True,2:4:5,1.1001002514386817,4.962873254125881,-0.017884303742604638,0.006982882300285678,True
266,True,2:4:5,1.0081837446704043,4.842357537087415,-0.01667101656655161,0.005627512404579469,True
267,True,2:4:5,0.921013618993869,4.7236569351210855,-0.015494490852782235,0.004277280003763879,True
268,True,2:4:5,0.8394470631137677,4.606397890708619,-0.01435439574627594,0.0029310645365120186,True
269,True,2:4:5,0.7646493336502723,4.490214002880934,-0.013250463509098752,0.001587758436325678,True
270,True,2:3:4,0.6067163351016114,4.055642814664487,-0.01041083895345924,0.001934256596347364,True
271,True,2:3:4,0.44422644462763966,1.8121789547488085,-0.002168208974199897,0.007443788952960443,True
272,True,0:3:4,0.4893925406276529,14.278582252213258,-0.0,0.008541407307951396,True
273,True,0:3:4,0.4631762076054476,14.446252392868672,-0.0,0.008083861791880463,True
274,True,0:3:4,0.4382165871186153,14.622011189672637,-0.0,0.007648247715179027,True
275,True,0:3:4,0.41445839527927086,14.80556092744832,-0.0,0.007233600525673725,True
276,True,0:3:4,0.3918484655313148,14.996612078286663,-0.0,0.006838992579273645,True
277,True,0:3:4,0.3703356791549467,15.186274703077613,-0.0,0.00646353193326222,True
278,True,0:3:4,0.3498708973600382,15.378821120576886,-0.0,0.006106361166565746,True
279,True,0:3:4,0.3304068951191155,15.57762888266013,-0.0,0.005766656229610665,True
280,True,0:3:4,0.3118982968470359,15.782453268065881,-0.0,0.005443625325798953,True
281,True,0:3:4,0.29430151401022786,15.993056367863602,-0.0,0.005136507826140729,True
282,True,0:3:4,0.2775746847232568,16.209206915243673,-0.0,0.00484457321814261,True
283,True,0:3:4,0.26167761537608686,16.430680125722265,-0.0,0.004567120089663816,True
284,True,0:3:4,0.24657172431068022,16.6572575473869,-0.0,0.004303475148118518,True
285,True,0:3:4,0.23221998753504772,16.88872692073578,-0.0,0.004052992275122942,True
286,True,0:3:4,0.218586886490729,17.124882047592102,-0.0,0.003815051616408889,True
287,True,0:3:4,0.2056383577998042,17.365522668526786,-0.0,0.003589058706631048,True
288,True,0:3:4,0.19334174504378687,17.610454348176454,-0.0,0.003374443628489526,True
289,True,0:3:4,0.18166575242468405,17.85948836780982,-0.0,0.0031706602054207165,True
290,True,0:3:4,0.17058040032823335,18.112441624474357,-0.0,0.002977185226979085,True
291,True,0:3:4,0.16005698271665944,18.369136536037747,-0.0,0.0027935177058938014,True
292,True,0:3:4,0.1500680262662645,18.62940095143387,-0.0,0.0026191781656821097,True
293,True,0:3:4,0.14058725120238758,18.89306806542322,-0.0,0.0024537079576064497,True
294,True,0:3:4,0.13158953372750581,19.159976337186347,-0.0,0.002296668605673153,True
295,True,0:3:4,0.12305087001960018,19.42996941208528,-0.0,0.002147641178313239,True
296,True,0:3:4,0.11494834162862028,19.7028960459476,-0.0,0.0020062256853051645,True
297,True,0:3:4,0.10726008228929379,19.978610031255474,-0.0,0.0018720404984556396,True
298,True,0:3:4,0.09996524596446214,20.256970124653996,-0.0,0.001744721794506136,True
299,True,0:3:4,0.09304397612118491,20.53783997522942,-0.0,0.0016239230186889844,True
300,True,0:3:4,0.08647737604018511,20.821088053046562,-0.0,0.0015093143673200076,True
301,True,0:3:4,0.08024748018668512,21.10658757747886,-0.0,0.001400582287785415,True
302,True,0:3:4,0.074337226447492,21.394216444910853,-0.0,0.0012974289942692396,True
303,True,0:3:4,0.06873042916666595,21.683857155436797,-0.0,0.0011995719975206416,True
304,True,0:3:4,0.06341175291565496,21.975396738231385,-0.0,0.001106743646980963,True
305,True,0:3:4,0.05836668689334391,22.268726675314515,-0.0,0.0010186906835579497,True
306,True,0:3:4,0.05358151974070091,22.563742823481938,-0.0,0.0009351738013520406,True
307,True,0:3:4,0.04904331490557067,22.86034533421917,-0.0,0.0008559672166312069,True
308,True,0:3:4,0.04473988623265499,23.158438571463563,-0.0,0.0007808582423883975,True
309,True,0:3:4,0.040659773832792165,23.457931027119173,-0.0,0.0007096468668176097,True
310,True,0:3:4,0.03679222000121378,23.75873523426896,-0.0,0.0006421453340963817,True
311,True,0:3:4,0.03312714534094072,24.060767678059836,-0.0,0.0005781777258971144,True
312,True,0:3:4,0.02965512466497458,24.363948704265066,-0.0,0.0005175795421180987,True
313,True,0:3:4,0.02636736278420891,24.66820242554343,-0.0,0.00046019727938448,True
314,True,0:3:4,0.023255670324795988,24.97345662542393,-0.0,0.0004058880059659328,True
315,True,0:3:4,0.02031243896264123,25.279642660039926,-0.0,0.00035451893184202104,True
316,True,0:3:4,0.017530616468279313,25.586695357616023,-0.0,0.00030596697278509083,True
317,True,0:3:4,0.014903681337478518,25.894552915671856,-0.0,0.0002601183074315017,True
318,True,0:3:4,0.012425616996838227,26.20315679584737,-0.0,0.00021686792649244977,True
319,True,0:3:4,0.010090885387675354,26.51245161616518,-0.0,0.0001761191734005556,True
320,True,0:3:4,0.007894400194133231,26.822385040424813,-0.0,0.000137783275874271,True
321,True,0:3:4,0.0058314996332994706,27.13290766427205,-0.0,0.00010177886809833179,True
322,True,0:3:4,0.003897918052237663,27.443972897281366,-0.0,6.803150341652617e-05,True
323,True,0:3:4,0.0020897579844923993,27.755536840149574,-0.0,3.647315767397162e-05,True
324,True,0:3:4,0.0004034611228835966,28.067558155803678,-0.0,7.041723604793656e-06,True
325,True,0:3:4,0.0011642217224543444,28.37999793288312,-0.0,-2.0319503106651042e-05,True
326,True,0:3:4,0.0026162596122246144,28.692819539680283,-0.0,-4.5662345162749745e-05,True
327,True,0:3:4,0.003955372423327099,29.005988466224764,-0.0,-6.903427119965028e-05,True
328,True,0:3:4,0.005184060783119441,29.319472151821074,-0.0,-9.047892807936642e-05,True
329,True,0:3:4,0.0063046370814459265,29.63323979505991,-0.0,-0.00011003667616069062,True
330,True,0:3:4,0.007319256621141464,29.94726214322088,-0.0,-0.00012774512553040382,True
331,True,0:3:4,0.00822994694052494,30.261511258223297,-0.0,-0.00014363967088390373,True
332,True,0:3:4,0.009038639748721036,30.575960257068616,-0.0,-0.00015775402251853407,True
333,True,0:3:4,0.009747199903311032,30.890583026339304,-0.0,-0.0001701207306260466,True
334,True,0:3:4,0.010357455517013886,31.20535391309583,-0.0,-0.00018077169990822858,True
335,True,0:3:4,0.010871226279918116,31.520247398818274,-0.0,-0.00018973869132208525,True
336,True,0:3:4,0.011290351557674787,31.835237769154354,-0.0,-0.00019705380762705512,True
337,True,0:3:4,0.01161671702093221,32.150298800267045,-0.0,-0.00020274995930850054,True
338,True,0:3:4,0.011852279939276145,32.465403492181395,-0.0,-0.0002068613073819434,True
339,True,0:3:4,0.011999093037034711,32.78052388967411,-0.0,-0.00020942367958726537,True
340,True,0:3:4,0.012059326802983926,33.095631039887714,-0.0,-0.0002104749565123689,True
341,True,0:3:4,0.01203528935523888,33.410695139805554,-0.0,-0.00021005542430203506,True
342,True,0:3:4,0.01192944491924836,33.725685921902574,-0.0,-0.00020820809076228206,True
343,True,0:3:4,0.011744429488779216,34.04057330855449,-0.0,-0.00020497896189985634,True
344,True,0:3:4,0.011483064143020647,34.355328332573464,-0.0,-0.0002004172762112629,True
345,True,0:3:4,0.011148366179490738,34.669924273717776,-0.0,-0.00019457569438456428,True
346,True,0:3:4,0.010743557029534253,34.98433790602336,-0.0,-0.00018751044247526655,True
347,True,0:3:4,0.010272068064576164,35.29855070114408,-0.0,-0.0001792814070575175,True
348,True,0:3:4,0.009737542741931806,35.61254980491583,-0.0,-0.0001699521813634166,True
349,True,0:3:4,0.00914383707961883,35.92632861250781,-0.0,-0.000159590061947361,True
350,True,0:3:4,0.008495015825041504,36.23988681758838,-0.0,-0.00014826599598510913,True
351,True,0:3:4,0.0077953474968452344,36.55322989546704,-0.0,-0.0001360544799073871,True
352,True,0:3:4,0.007049295175616777,36.86636807911246,-0.0,-0.0001230334106760817,True
353,True,0:3:4,0.006261505727234673,37.179314974275776,-0.0,-0.00010928389160776157,True
354,True,0:3:4,0.005436796325739567,37.492086013342465,-0.0,-9.488999526165123e-05,True
355,True,0:3:4,0.004580137778311426,37.80469695646898,-0.0,-7.993848647480863e-05,True
356,True,0:3:4,0.0036966382705827666,38.11716261662881,-0.0,-6.451850918747843e-05,True
357,True,0:3:4,0.002791521402619649,38.42949592662919,-0.0,-4.872124119820316e-05,True
358,True,0:3:4,0.001870106738099351,38.741707398878944,-0.0,-3.263952145431181e-05,True
359,True,0:3:4,0.0009377859213446621,39.053804967850425,-0.0,-1.636745487040204e-05,True
360,True,0:3:4,0.0,39.365794159614104,-0.0,-0.0,True
