part_id,category,assembly_qty,sku,purchase_packs,purchase_pieces,minimum_lot_usd,unit_mass_g,assembly_mass_g,mass_basis,spec,source
P_CARRIER,printed,1,,,,,29.534846874552965,29.534846874552965,original CAD solid volume x assumed PETG density; not sliced/measured,One-piece rail carrier; locating flange clearance0.30mm and separate floating flange groove2mm travel. Horizontal bearing seats require fit coupon and inspection.,
P_CAP,printed,2,,,,,2.3182368732633267,4.6364737465266534,original CAD solid volume x assumed PETG density; not sliced/measured,"3mm cover,central10.2 bore; bolts land on carrier,not bearing. No clamping contact with inner ring.",
P_FLANGE,printed,1,,,,,5.524400484869501,5.524400484869501,original CAD solid volume x assumed PETG density; not sliced/measured,"Original40mm test flange4mm thick;14.3x2.15 pilot pocket,M4 four-hole16mm square. Index flat; no load hook or wind rotor.",
Q_BEARING_FIT,printed,0,,,,,12.921493430679634,0.0,original CAD solid volume x assumed PETG density; not sliced/measured,Quantity0 coupon;14.0/14.15/14.3/14.45mm seats;100% scale only.,
H_SHAFT,purchased,1,2101-0006-0120,1,1,4.69,25,25,catalogue purchased assembly,"2101-0006-0120: Ready-length120mm stainless6mmD shaft,5.5mm flat-to-opposite; no cut,drill,tap",https://www.gobilda.com/2101-series-stainless-steel-d-shaft-6mm-diameter-120mm-length/
H_BEARING,purchased,2,1611-0514-0006,1,2,3.99,3,6,catalogue purchased assembly,"1611-0514-0006: 6x14x5 high-carbon-steel flanged bearing,flange15x1; grease/drag not specified",https://www.gobilda.com/1611-series-flanged-ball-bearing-6mm-id-x-14mm-od-5mm-thickness-2-pack/
H_COLLAR,purchased,2,2910-0919-0006,2,2,8.98,7,14,catalogue purchased assembly,"2910-0919-0006: 6mm clamp collar,19mm body,9mm body length,9mm boss x0.5; included clamp screw",https://www.gobilda.com/2910-series-aluminum-clamping-collar-6mm-id-x-19mm-od-9mm-length/
H_HUB,purchased,1,1309-0016-1006,1,1,7.99,14,14,catalogue purchased assembly,"1309-0016-1006: Metal6mmD hub,16mm-square M4 holes,14x2 pilot; two included pinch bolts",https://www.gobilda.com/1309-series-sonic-hub-6mm-d-bore/
H_SPACER,purchased,2,1521-0008-0040,1,4,2.49,0.64,1.28,catalogue purchased assembly,1521-0008-0040: Zinc steel6ID/8ODx4 stock spacer; reference CAD6.05/7.95,https://www.gobilda.com/1521-series-6mm-id-spacer-8mm-od-4mm-length-4-pack/
H_BOLT12,purchased,4,2800-0004-0012,1,25,3.59,2.0,8.0,catalogue purchased assembly,"2800-0004-0012: M4x0.7x12 socket-head zinc steel,3mm hex",https://www.gobilda.com/m4-x-0-7mm-zinc-plated-socket-head-screw-12mm-length/
H_BOLT20,purchased,4,2800-0004-0020,1,25,3.99,2.6,10.4,catalogue purchased assembly,"2800-0004-0020: M4x0.7x20 socket-head zinc steel,3mm hex",https://www.gobilda.com/m4-x-0-7mm-zinc-plated-socket-head-screw-20mm-length-25-pack/
H_WASHER,purchased,12,2801-0004-0008,1,25,1.99,0.29,3.4799999999999995,catalogue purchased assembly,2801-0004-0008: 4IDx8ODx1 zinc-steel washer; thickness from exact vendor CAD,https://www.gobilda.com/2801-series-zinc-plated-steel-washer-4mm-id-x-8mm-od/
H_LOCKNUT,purchased,4,2812-0004-0007,1,25,2.99,0.78,3.12,catalogue purchased assembly,"2812-0004-0007: M4x0.7 nylock,7mm hex,zinc steel;5.2mm conservative reference envelope",https://www.gobilda.com/m4-x-0-7mm-nylock-nut/
