crank_deg,load_nmm,joint_friction_nmm,required_crank_nmm,support_margin_mm,gear_bus_input_nm,rod_bus_input_nm
0.0,6.506422558708429,5.515475365341344,12.021897924049773,30.19064232510932,0.004650575969145485,0.00425723440186531
0.5,6.6101636068746465,5.510656006529655,12.1208196134043,30.311706014915174,0.004660236290371513,0.004264318690119342
1.0,6.71153688650304,5.504698627860876,12.216235514363916,30.432797487103475,0.0046695542494496,0.004271151910929501
1.5000000000000002,6.810407263048403,5.497533434208845,12.307940697257248,30.553911687229952,0.004678509833716527,0.004277719388233523
2.0,6.906644590043209,5.489089796031502,12.395734386074711,30.675043733647644,0.004687083436140107,0.0042840067434341215
2.5,7.000124580636847,5.479296788064138,12.479421368700985,30.79618893896,0.004695255993037205,0.004289999996392941
3.0000000000000004,7.090729618533248,5.46808379559385,12.558813414127098,30.917342830818313,0.0047030091224733485,0.0042956856669243764
3.5,7.17834965624391,5.455381188863303,12.633730845107213,31.038501173674057,0.0047103252778425,0.004301050887421562
4.0,7.262883049763818,5.4411210760243875,12.704004125788206,31.15965998972304,0.004717187902909004,0.004306083516554651
4.5,7.344237472275379,5.425238111275784,12.769475583551163,31.280815580313252,0.004723581599956167,0.004310772262580697
5.0,7.422330748406445,5.407670372079355,12.8300011204858,31.40196454601554,0.004729492296922441,0.004315106805911089
5.5,7.497091641868307,5.388360270540174,12.885451912408481,31.523103805228466,0.0047349074133211395,0.0043190779207869295
6.000000000000001,7.568460675387836,5.367255515740969,12.935716191128805,31.64423061234388,0.004739816034289922,0.00432267760291626
6.5,7.636390792046624,5.344310081121672,12.980700873168296,31.765342572636886,0.004744209069645341,0.004325899186114937
7.0,7.700848021725486,5.319485175245882,13.020333196971368,31.886437655720602,0.004748079413766734,0.004328737459555691
7.499999999999999,7.761811982445175,5.29275018864793,13.054562171093105,32.00751420523517,0.00475142208702081,0.0043311887714802605
8.0,7.819276370264858,5.264083580448981,13.083359950713838,32.1285709461448,0.004754234370186897,0.004333251127778637
8.5,7.873249125164639,5.233473696976376,13.106722822141016,32.249606985942364,0.004756515900599708,0.004334924262494291
9.0,7.923752678139413,5.200919470985474,13.124672149124887,32.37062181396264,0.004758268764562977,0.004336209705594669
9.5,7.970823890867591,5.166431003216394,13.137254894083984,32.49161529439949,0.0047594975482503875,0.004337110820298827
10.0,8.014513869913854,5.130029997406756,13.14454386732061,32.61258765496015,0.004760209362043027,0.0043376328209250165
10.5,8.054887552633378,5.091750044255677,13.146637596889054,32.733539470088665,0.004760413827821196,0.004337782763571286
11.0,8.092023209342564,5.051636760385939,13.143659969728503,32.85447164073564,0.004760123043918798,0.004337569520415169
11.5,8.126011636089085,5.009747769246292,13.135759405335378,32.975385368137104,0.004759351504427281,0.004337003720536132
12.000000000000002,8.156955233207306,4.96615251688186,13.123107750089165,33.09628212407566,0.004758115991219644,0.0043360976707325916
12.5,8.184966918967746,4.920931898347947,13.105898817315692,33.217163617043276,0.004756435431378485,0.004334865250968365
13.0,8.21016882763573,4.874177678493022,13.084346506128753,33.338031753832524,0.004754330713489135,0.0043333217796533005
13.5,8.23269096695279,4.825991681480994,13.058682648433784,33.45888859860861,0.0047518244773861115,0.004331483859456181
14.0,8.252669607440886,4.776484763322457,13.029154370763344,33.57973632727576,0.004748940856519857,0.004329369188372262
14.500000000000002,8.270245761392607,4.725775583172409,12.996021344565015,33.70057718178514,0.0047457052094301766,0.004326996362802292
14.999999999999998,8.285563486694372,4.673989211372287,12.959552698066659,33.82141342199762,0.004742143818170572,0.004324384656395376
15.5,8.298768240499115,4.641145866745808,12.939914107244924,33.94247941212263,0.004740225987035636,0.0043229782363797984
16.0,8.310005202548691,4.671233634949722,12.981238837498413,34.06428912428217,0.0047442616052244535,0.004325937711685015
16.5,8.319417668487219,4.700382555309578,13.019800223796796,34.18609760914593,0.004748027365605156,0.004328699289787602
17.0,8.327145574797832,4.728553695787403,13.055699270585235,34.307904710731314,0.004751533131893089,0.004331270204130977
17.5,8.333324031481464,4.755713839594983,13.089037871076446,34.42971015937905,0.004754788854597308,0.004333657751807198
18.0,8.338082120491764,4.781843684690938,13.119925805182703,34.55151365345073,0.004757805254412373,0.0043358697947235994
18.5,8.341541756525341,4.807105184453985,13.148646940979326,34.67331680109958,0.004760610052830011,0.004337926662356499
19.0,8.343816781927599,4.833503161676194,13.177319943603791,34.79514250595079,0.0047634101507425565,0.0043399800917177205
19.5,8.345012252056417,4.860700889236521,13.20571314129294,34.916986129294905,0.004766182923954388,0.004342013465949455
20.0,8.34522383542146,4.887264411034987,13.232488246456448,35.03883001250268,0.004768797680318012,0.004343930966959758
20.5,8.344537524830844,4.912734549143893,13.257272073974738,35.067356846245225,0.004771217975974094,0.004345705863411434
21.0,8.343029422915397,4.937065552505735,13.280094975421132,34.94552729495915,0.004773446774943469,0.004347340328037865
21.5,8.340765759923986,4.960245826043984,13.30101158596797,34.823707505479206,0.004775489412692184,0.004348838273447881
22.0,8.337803027906048,4.9822736148720494,13.320076642778098,34.70189920353439,0.004777351234646297,0.0043502036196297915
22.5,8.334188281972487,5.00315293997822,13.337341221950707,34.58010421182682,0.004779037228706123,0.0043514400243983755
23.0,8.329959542546337,5.022892277259881,13.352851819806219,34.45832444961373,0.00478055193552795,0.004352550817590749
23.5,8.325146295490512,5.041503846223004,13.366650141713517,34.33656192426726,0.00478189942790171,0.004353538985940732
24.000000000000004,8.319770010154475,5.059003062601716,13.378773072756191,34.21481872115086,0.004783083307886346,0.004354407170977343
24.5,8.313844869742066,5.075408057772873,13.389252927514939,34.09309699085252,0.0047841067312026295,0.0043551576869127195
25.0,8.307378288622111,5.090739222951047,13.398117511573158,33.97139893937538,0.004784972413239565,0.004355792525046736
25.5,8.30037170816447,5.105018779664761,13.40539048782923,33.849726815644956,0.004785682664827072,0.004356313380000448
26.0,8.292821179169632,5.118270371911926,13.411091551081558,33.72808290221152,0.004786239409285308,0.004356721662218997
26.5,8.284718052090614,5.130518683585983,13.415236735676597,33.6064695054114,0.004786644212468417,0.004357018520003843
27.0,8.27604961174367,5.141789093743681,13.417838705487352,33.48488894677355,0.004786898311082748,0.004357204860279609
27.5,8.266799678651228,5.152107355737413,13.418907034388642,33.36334355557772,0.004787002640077015,0.004357281368680338
28.0,8.256949149400485,5.161499317378628,13.418448466779115,33.241835662668365,0.004786957858083896,0.004357248528206811
28.500000000000004,8.246476543525763,5.169990670535294,13.416467214061058,33.12036759483297,0.0047867643763731494,0.004357106640458974
29.000000000000004,8.235358455647507,5.17768718929087,13.413045644938377,32.99894073185998,0.004786430238763512,0.004356861604281002
29.500000000000004,8.22357001521549,5.193633308075591,13.41720332329108,32.87745211476919,0.004786836262040143,0.004357159356786871
29.999999999999996,8.211085228799519,5.208329809912345,13.419415038711865,32.75601518080764,0.004787052249874204,0.00435731774892749
30.5,8.197877341317364,5.221808912262247,13.419686253579611,32.63463210373713,0.004787078735701133,0.004357337171891625
31.0,8.183919175166869,5.234102804164421,13.41802197933129,32.51330503077483,0.00478691620891907,0.004357217984573785
31.5,8.169183299911253,5.245243417994137,13.41442671790539,32.392036085635226,0.004786565109170447,0.004356960509380677
32.0,8.153642326480023,5.255262239588904,13.408904566068927,32.27082737015153,0.004786025836530168,0.0043565650397026
32.5,8.137269071424479,5.264190150173771,13.40145922159825,32.14968096744451,0.004785298752109203,0.004356031840356084
33.0,8.120036751359352,5.27205729620849,13.392094047567841,32.028598944743365,0.0047843841843327965,0.0043553611521879405
33.5,8.101919032687235,5.278892987488465,13.3808120201757,31.907583357826937,0.0047832824238452825,0.004354553188338768
34.0,8.08289025479511,5.284725618597643,13.367615873392754,31.786636253366588,0.00478199373763601,0.0043536081446020345
34.5,8.062925435884988,5.289582610618866,13.352508046503853,31.665759673710504,0.004780518363916391,0.004352526195667226
35.0,8.04200039506189,5.29349036998833,13.33549076505022,31.54495566020186,0.004778856520024435,0.004351307500916544
35.5,8.020091782780202,5.296474265051152,13.316566047831355,31.42422625740437,0.00477700840310853,0.004349952204926342
36.0,7.9971771669358445,5.298558613194051,13.295735780129895,31.303573516560963,0.0047749741972783095,0.0043484604427111466
36.5,7.973235005350545,5.299766680607531,13.273001685958075,31.182999500201802,0.004772754070894342,0.004346832337736064
37.0,7.948244737149585,5.30012069190153,13.248365429051114,31.062506285193336,0.004770348186430772,0.004345068009149452
37.5,7.922186762460818,5.299641844074564,13.221828606535382,30.942095966957908,0.00476775669985697,0.004343167571329445
38.0,7.895042483034574,5.298350331279234,13.193392814313809,30.82177066275647,0.004764979767022832,0.004341131138566556
38.5,7.866794283328378,5.296265370409128,13.163059653737506,30.701532515540162,0.004762017544310302,0.004338958825541446
39.0,7.837425565314195,5.293405231749134,13.130830797063329,30.581383696987718,0.0047588701950257144,0.004336650752012687
39.5,7.806920707048841,5.289787274124732,13.096707981173573,30.461326411243675,0.004755537888786481,0.00433420704236699
40.0,7.7752651031334,5.285427977346195,13.060693080479595,30.3413628975897,0.004752020808640584,0.004331627830840204
40.5,7.742445150706074,5.280342982272217,13.022788132978292,30.22149543351619,0.00474831915361116,0.004328913263383355
41.0,7.708448216120132,5.274547126144028,12.98299534226416,30.10172633792709,0.004744433138892983,0.004326063497806736
41.5,7.673262669314398,5.268054481615879,12.941317150930278,29.982057973363418,0.0047403630030205335,0.004323078709036526
42.0,7.636877851467696,5.260878391506617,12.897756242974314,29.86249274890992,0.004736109008102959,0.004319959089287093
42.5,7.599284053529713,5.253031508670999,12.852315562200712,29.743033122771045,0.004731671441621162,0.004316704849378866
43.0,7.560472553552105,5.244525830640504,12.80499838419261,29.623681604082616,0.004727050623456309,0.004313316223892611
43.5,7.520435540103111,5.235372735074838,12.755808275177948,29.504440755907876,0.004722246901872846,0.004309793468223615
44.0,7.47916616046861,5.22558301452933,12.70474917499794,29.385313196655236,0.004717260661620892,0.004306136864523487
44.5,7.43665848798126,5.215166907049067,12.651825395030327,29.26630160236325,0.004712092323733429,0.004302346721551418
45.0,7.39290751168796,5.20413413148363,12.59704164317159,29.147408708550437,0.0047067423479659745,0.004298423376463285
45.5,7.347909128642396,5.19249391371098,12.540403042353375,29.0286373120272,0.004701211234604821,0.004294367196137705
46.0,7.301660100227981,5.180255018404134,12.481915118632115,28.909990272954676,0.004695499523303916,0.004290178576323063
46.5,7.254158116588682,5.167425775174914,12.421583891763596,28.79147051560548,0.004689607801930037,0.004285857948124006
47.0,7.205401694408247,5.154014104951571,12.359415799359818,28.673081030970756,0.0046835366991562315,0.004281405772569937
47.5,7.155390252901098,5.140027546188498,12.295417799089595,28.554824877197987,0.004677286894442343,0.004276822547934099
48.00000000000001,7.104124034125446,5.125473274738542,12.229597308863987,28.43670518183494,0.004670859112193748,0.0042721088054499465
48.5,7.051604120998606,5.110358129717073,12.161962250715678,28.318725142782935,0.004664254126046452,0.004267265112453556
49.0,6.997832449859237,5.094688632349663,12.0925210822089,28.200888029320975,0.004657472761934463,0.0042622920746330445
49.5,6.94281174006408,5.078471007055965,12.021282747120045,28.083197184001786,0.004650515893273441,0.004257190332496538
50.0,6.886545548217768,5.061711198651005,11.948256746868772,27.965656023072867,0.004643384447936403,0.004251960566487704
50.5,6.8290382214302205,5.044414890678766,11.873453112108987,27.84826803800188,0.004636079405479393,0.004246603494951213
51.0,6.770294878150219,5.0265875209539574,11.796882399104177,27.7310367966554,0.004628601796787517,0.00424111987387314
51.5,6.7103214462246825,5.008234299462318,11.718555745687,27.61396594372895,0.004620952709539745,0.004235510500888491
52.0,6.649124591508228,4.989360219245619,11.638484810753846,27.49705920248723,0.004613133282300179,0.004229776210948067
52.50000000000001,6.586711755941942,4.969970073363698,11.55668182930564,27.3803203751092,0.004605144709893128,0.004223917880260186
53.0,6.5230911240748375,4.95006846483675,11.473159588911589,27.263753343907496,0.004596988241104647,0.004217936424605085
53.5,6.4582716162279015,4.929659821808305,11.387931438036206,27.147362072136083,0.004588665179495722,0.00421183279993122
54.0,6.392262891975925,4.908748405823702,11.301011297799626,27.031150604720978,0.0045801768845507435,0.004205608003197423
54.5,6.325075325142716,4.887338324837305,11.212413649980022,26.91512306923361,0.00457152477050586,0.004199263071513618
55.0,6.2567200037855315,4.865433542040817,11.122153545826349,26.799283676589397,0.0045627103072096034,0.004192799082771881
55.5,6.187208712956974,4.843037885123901,11.030246598080875,26.68363672191265,0.004553735019343834,0.00418621715507502
56.0,6.116553939291813,4.820155056833156,10.936708996124969,26.568186585104392,0.004544600487902829,0.004179518447821136
56.5,6.04476882429399,4.7967886423845085,10.841557466678498,26.452937732019787,0.004535308346355321,0.004172704158888957
57.00000000000001,5.971867241868143,4.772942117799706,10.744809359667848,26.33789471416135,0.004525860289030062,0.004165775530787109
57.5,5.897863671528361,4.748618858260235,10.646482529788596,26.22306217073484,0.004516258059549667,0.004158733842172007
58.00000000000001,5.822773280839655,4.723822145975121,10.546595426814775,26.108444828248306,0.004506503459649879,0.00415158041431509
58.5,5.7466118768469805,4.69855517788279,10.44516705472977,25.994047501623875,0.004496598345188453,0.0041443166081756464
59.00000000000001,5.669395906330408,4.6728210735965625,10.34221697992697,25.879875094719452,0.004486544626945992,0.0041369438249876855
59.5,5.59114245127315,4.646622882983521,10.237765334256672,25.765932600894644,0.0044763442709235025,0.004129463506477608
59.99999999999999,5.511869197106327,4.619963596784273,10.131832793890599,25.652225103844096,0.004465999296278378,0.004121877133349915
60.5,5.431594432516215,4.592846152261684,10.0244405847779,25.538757778107403,0.004455511775857216,0.004114186225677053
61.0,5.350337087632276,4.565273447651366,9.915610535283642,25.425535889015553,0.0044448838413362925,0.004106392346667987
61.50000000000001,5.268116656359464,4.537248350963314,9.805365007322777,25.312564794044327,0.004434117676496365,0.004098497097734833
62.0,5.184953193439743,4.50877371669503,9.693726910134773,25.19984994319288,0.004423215518567848,0.004090502119477301
62.50000000000001,5.100867350390673,4.479852401778162,9.580719752168836,25.08739687890774,0.004412179663297737,0.004082409095395718
63.0,5.015880356149148,4.4504872869948455,9.466367643143993,24.975211236580027,0.00440101246515078,0.004074219752034781
63.50000000000001,4.930013931798572,4.4206813071562445,9.350695238954817,24.86329874570174,0.004389716331929181,0.004065935855032687
64.0,4.843290404750116,4.390437488085373,9.23372789283549,24.75166522860782,0.004378293739534716,0.004057559219939246
64.5,4.755732557656545,4.35975899610518,9.115491553761725,24.64031660216161,0.004366747222047042,0.004049091704929012
65.0,4.667363751765611,4.328649211366041,8.996012963131651,24.529258875953985,0.004355079390930825,0.004040535224870423
65.5,4.578207830059086,4.297111827406881,8.875319657465967,24.418498152760847,0.00434329293529941,0.0040318917514945846
66.0,4.488289109308605,4.265151002717482,8.753440112026087,24.308040627351716,0.004331390635940047,0.004023163323642115
66.5,4.397632411994918,4.23277158256675,8.630403994561668,24.197892584009423,0.0043193753900939115,0.004014352065373508
67.0,4.306263009185924,4.199979452446366,8.50624246163229,24.088060393549306,0.004307250240393777,0.0040054602070873115
67.5,4.214206632413447,4.16678210541238,8.380988737825827,23.97855050703414,0.004295018431428302,0.003996490126822527
68.0,4.121489453339148,4.1331895994132,8.254679052752348,23.869369445311076,0.004282683501245346,0.003987444417038461
68.5,4.028138074071505,4.099216253769379,8.127354327840884,23.760523779796472,0.00427024944607821,0.0039783260047996675
69.0,3.934179472989298,4.074511336493863,8.008690809483161,23.651907736456597,0.004258661211863589,0.003969827849219702
69.5,3.8396410579610185,4.049773994039294,7.889415052000312,23.543636804199586,0.0042470131886719045,0.0039612858200387974
70.0,3.744550622880053,4.02504689029691,7.769597513176963,23.4357175285202,0.004235312257146188,0.003952704940352873
70.5,3.6489362874053923,4.00045440287305,7.649390690278443,23.32815560465176,0.0042235733095975034,0.003944096084048927
71.0,3.55282652500542,3.9762550701544375,7.529081595159857,23.220955265612453,0.00421182437452733,0.0039354797083794415
71.5,3.4562501607961167,3.95301619453218,7.409266355328297,23.114117244959814,0.004200123667512529,0.003926898316163257
72.0,3.3592363146561253,3.9320787392064984,7.291315053862624,23.007633352270307,0.0041886049857287715,0.0039184496340141555
72.5,3.2618143892703646,3.9154945385901017,7.177308927860466,22.901487206403733,0.004177471574986373,0.00391028385102255
73.0,3.1640140602367843,3.9026536821810134,7.066667742417797,22.79569359687767,0.004166666771720487,0.003902360987142695
73.5,3.0658652734548086,3.89633827725595,6.9622035507107585,22.69022783314988,0.004156465190499096,0.003894881398931576
74.0,2.9673981736619996,3.910992456748073,6.878390630410072,22.584929228509147,0.004148280335000983,0.003888880763980686
74.5,2.8686431368606207,3.9609953567131977,6.829638493573818,22.479637962931005,0.004143519384138068,0.003885390048176889
75.0,2.76963071606675,4.033266138789947,6.802896854856697,22.374514803579473,0.0041409078959820985,0.0038834750312780448
75.5,2.6703916300443726,4.109591819588691,6.779983449633064,22.269780523513543,0.004138670258753228,0.0038818340805647114
76.0,2.5709567303477097,4.186994106197015,6.757950836544724,22.165478206743778,0.00413651863638132,0.0038802562067922052
76.5,2.4713570013046695,4.26524731540863,6.7366043167133,22.061618923665332,0.0041344340153040325,0.0038787274688536814
77.0,2.371623481057261,4.3442653925351085,6.71588887359237,21.958212227856173,0.004132411022811754,0.0038772439267742652
77.5,2.271787319692055,4.4240053058004465,6.695792625492501,21.85526728334777,0.004130448498583251,0.003875804729379848
78.0,2.1718796457235356,4.504441857999192,6.676321503722727,21.752793160642902,0.004128547021847922,0.003874410301185649
78.5,2.07193164856663,4.585558519090029,6.657490167656659,21.65079894324051,0.0041267080241852196,0.003873061691826979
79.0,1.9719744420520766,4.667343439752701,6.639317881804777,21.549293776252743,0.004124933386894998,0.0038717602807905884
79.5,1.8720391486263694,4.749787506262962,6.621826654889331,21.44828688862629,0.004123225259266535,0.0038705076441312106
80.0,1.772156777986271,4.832883303679053,6.605040081665324,21.34778760716483,0.004121585945475129,0.0038693054715168308
80.5,1.6723582137748965,4.916624523022696,6.588982736797592,21.24780536411172,0.00412001784539039,0.003868155522812474
81.0,1.5726742027643246,5.00100560809417,6.573679810858494,21.14834970191002,0.004118523419029149,0.003867059602006016
81.5,1.4731353389438757,5.086021532888628,6.559156871832504,21.049430276500253,0.004117105163264891,0.003866019540124053
82.0,1.3737719715398482,5.17166765550489,6.545439627044738,20.95105686061658,0.004115765588578587,0.003865037178179435
82.5,1.2746141959499173,5.2579396236829785,6.532553819632896,20.853239345514794,0.004114507208948524,0.003864114359755027
83.0,1.175691845783438,5.344833307981136,6.520525153764574,20.755987742367846,0.004113332534547321,0.003863252925646692
83.5,1.0770344084909094,5.432344754553927,6.509379163044837,20.65931218432637,0.004112244058891097,0.003862454704438253
84.0,0.9786710271087742,5.5204701513423275,6.499141178451102,20.563222927419964,0.004111244255708114,0.0038617215102044154
84.5,0.8806304177864432,5.6092058066542805,6.489836224440724,20.467730352298577,0.004110335568793038,0.0038610551350699612
85.0,0.7829408745487125,5.6985481277810095,6.481489002329722,20.37284496495697,0.004109520410383762,0.003860457348019031
85.5,0.6856301814249952,5.788493609395072,6.474123790820068,20.278577398427558,0.004108801151447271,0.0038599298877710878
86.0,0.5887256109276424,5.87903882388159,6.467764434809233,20.184938413443852,0.004108180120586839,0.003859474461979298
86.5,0.49225385953711287,5.970180412711289,6.462434272248402,20.09193889982738,0.004107659596899257,0.0038590927419923176
87.0,0.39624097966663463,6.06191508098512,6.4581560606517545,19.999589877879263,0.004107241802798022,0.0038587863575911285
87.5,0.30071236999649686,6.15423959169071,6.4549519616872075,19.907902499093467,0.004106928902508516,0.0038585568958854092
88.0,0.20569272835695784,6.247150762373244,6.452843490730202,19.81688804727817,0.00410672299714162,0.0038584058977007554
88.5,0.11120594414738738,6.34064546365119,6.451851407798577,19.72655794036041,0.0041066261140428285,0.0038583348497679202
89.0,0.017275131034067304,6.434720613633524,6.451995744667592,19.63692373059915,0.004106640209440193,0.0038583451866646135
89.5,-0.076077509573091,6.529373177983687,6.453295668410596,19.54799710670527,0.004106767155118222,0.003858438281042925
90.0,-0.16883068060584305,6.624600168585238,6.455769487979396,19.45978989428897,0.004107008739060487,0.0038586154441005503
90.5,-0.2609640609156876,6.720398637825691,6.459434576910004,19.372314057282487,0.004107366657901367,0.003858877920045339
91.0,-0.3524583884846333,6.816765683681787,6.464307295197154,19.285581699367476,0.004107842509296597,0.00385922688050031
91.5,-0.4432954890337597,6.913698442303773,6.470402953270014,19.199605064906226,0.004108437788405274,0.0038596634219237613
92.0,-0.5334583256622678,7.011194089746908,6.47773576408464,19.114396540005032,0.00410915388321139,0.0038601885621783526
92.5,-0.6229311376535014,7.109249840302188,6.486318702648687,19.02996865465057,0.004109992060805535,0.00386080323047095
93.0,-0.7116993656706301,7.207862945085685,6.496163579415055,18.94633408234255,0.004110953474552251,0.003861508272608708
93.5,-0.7997498898218662,7.307030690457649,6.507280800635783,18.863505643370015,0.004112039140687088,0.003862304433836786
94.0,-0.8870709196903039,7.406750396942844,6.51967947725254,18.78149630400994,0.004113249948950443,0.00386319236663655
94.5,-0.9736522056030439,7.507019417256688,6.533367211653644,18.700319179473738,0.004114586641763051,0.0038641726154541507
95.0,-1.059485014569697,7.607835136691133,6.548350122121436,18.619987534066688,0.004116049816613421,0.003865245618451317
95.5,-1.1445622684136318,7.709194969726576,6.564632701312943,18.540514783270428,0.004117639912237592,0.003866411697370437
96.00000000000001,-1.228878570979282,7.811096359844752,6.582217788865471,18.46191449447773,0.004119357205943893,0.003867671055572703
96.5,-1.3124302841535078,7.913536775873488,6.60110649171998,18.38420038832027,0.004121201805832028,0.003869023772332056
97.0,-1.3952156292359272,8.01651371262937,6.621298083393443,18.307386340223466,0.0041231736409563895,0.0038704697956215665
97.5,-1.4772347741516398,8.120024688751315,6.642789914599675,18.231486381808377,0.0041252724525976244,0.003872008935712534
98.0,-1.558489884087885,8.224067243899146,6.665577359811261,18.156514701851872,0.004127497789044067,0.0038736408613475127
98.5,-1.6389851951788335,8.328638936005756,6.689653740826923,18.082485647491193,0.0041298489981276285,0.0038753650942665793
99.0,-1.7187271484043007,8.43373734249831,6.715010194094009,18.009413726058632,0.004132325214266992,0.003877180999705618
99.5,-1.7977244322784363,8.5393600536142,6.741635621335764,17.93731360591594,0.00413492535364607,0.003879087782860486
100.0,-1.8759881063145234,8.645504674730585,6.769516568416062,17.866200118095882,0.00413764810238438,0.0038810844802118992
100.50000000000001,-1.9535316376897858,8.752168820348722,6.798637182658936,17.796088256995375,0.004140491912369036,0.003883169956468862
101.0,-2.030371055114853,8.85935011352468,6.8289790584098276,17.72699318233757,0.004143454986172834,0.0038853428935085223
101.5,-2.1065250099797974,8.967046182337283,6.860521172357485,17.658930220049005,0.004146535270738035,0.0038876017857442406
102.0,-2.182014854669434,9.075254658175478,6.893239803506043,17.591914863275075,0.0041497304495611365,0.0038899449343943776
102.5,-2.256864808199459,9.18397317266713,6.927108364467671,17.52596277438744,0.004153037926217545,0.0038923704354003035
103.0,-2.3311020103458,9.293199354539544,6.962097344193744,17.4610897856443,0.004156454818768919,0.0038948761753250815
103.5,-2.4047565814259677,9.402930825240007,6.99817424381404,17.397311899882016,0.004159977953497464,0.003897459826758583
104.0,-2.4778618208761256,9.513165200193162,7.035303379317037,17.334645292707872,0.004163603845636429,0.003900118834186417
104.5,-2.5504542576144074,9.623900079942613,7.073445822328206,17.27310631302488,0.004167328693586738,0.0039028504097487586
105.00000000000001,-2.6225737604923,9.735133051589706,7.112559291097407,17.212711484078437,0.004171148368271231,0.0039056515254334
105.5,-2.6942636674018754,9.846861683482665,7.152598016080789,17.15347750473541,0.004175058400007889,0.003908518903449383
106.0,-2.7655708898662774,9.959083520911339,7.193512631045062,17.095421250397955,0.004179053967875494,0.003911449008428415
106.5,-2.8365460403609575,10.071796085374887,7.235250045013929,17.038559774069657,0.004183129887208392,0.003914438038254304
107.0,-2.9072435197992865,10.184996868225284,7.277753348425997,16.982910306945996,0.004187280600432226,0.003917481917342442
107.5,-2.9777216782999743,10.298683328699926,7.320961650399952,16.928490259728562,0.00419150016117187,0.003920576284985531
108.0,-3.048042915063782,10.412852890881345,7.364809975817563,16.875317223155655,0.0041957822242009325,0.003923716487983173
108.33184020586225,-3.0946595540961543,10.488890420596634,7.394230866500481,16.84072446877889,0.004198655358056687,0.003925823468540513
108.33185166501815,3.1882975329531864,8.64635276742267,11.834650300375856,15.658878117882265,0.0046322900683960794,0.004243824651654393
108.5,3.1584792429622146,8.616600057593587,11.775079300555802,15.68008600223848,0.0046264725879449015,0.004239558467564344
109.0,3.0704984689971235,8.528504508491764,11.599002977488887,15.743749260985677,0.004609277634520398,0.004226948741183264
109.50000000000001,2.9835425489865592,8.44096785102449,11.42451040001105,15.808301497906251,0.004592237343751078,0.004214452434930282
110.0,2.8976104705228014,8.353985015775661,11.251595486298463,15.873730808085162,0.004575351121708834,0.004202069113255107
110.5,2.812702526656433,8.267550952842036,11.08025347949847,15.940025453276386,0.004558618503857271,0.004189798435495428
111.0,2.7288202370306864,8.181660634855298,10.910480871885984,16.007173859781325,0.004542039147645114,0.004177640150445373
111.5,2.645966340411186,8.09630905750764,10.742275397918824,16.07516461712939,0.00452561283182801,0.0041655940958581624
112.0,2.5641447174841554,8.011491242297243,10.575635959781398,16.14398647596896,0.004509339449197402,0.004153660193113922
112.5,2.4833603599028935,7.92720223945506,10.410562599357952,16.213628346499462,0.004493219003843549,0.0041418384452125406
113.0,2.403619327475219,7.843437128473873,10.247056455949092,16.284079296736092,0.004477251607026278,0.0041301289337455395
113.5,2.324928676345125,7.760191020945776,10.085119697290901,16.355328550462723,0.0044614374704385635,0.004118531813956004
114.00000000000001,2.2472964816425227,7.677459061096462,9.924755542738986,16.427365486260285,0.004445776908470603,0.004107047316398918
114.5,2.1707317232150425,7.595236428827864,9.765968152042905,16.50017963496655,0.004430270327347939,0.004095675738975735
115.0,2.095244307059998,7.513518339663026,9.608762646723024,16.573760678683875,0.004414918227219044,0.004084417448465293
115.49999999999999,2.0208449658660728,7.432300049487937,9.45314501535401,16.64809844843249,0.004399721192905664,0.004073272873740688
116.00000000000001,1.947545295476814,7.351576852633441,9.299122148110255,16.723182923312706,0.004384679897276391,0.004062242508243263
116.5,1.875357651433989,7.2713440840049515,9.14670173543894,16.7990042280824,0.004369795091351458,0.0040513269027260745
117.0,1.8042951459478778,7.191597124056195,8.995892270004074,16.87555263194005,0.004355067604492585,0.004040526665393132
117.5,1.7343715848423886,7.1123313957778755,8.846702980620265,16.95281854651487,0.004340498337951197,0.004029842457168076
118.00000000000001,1.6656015086933051,7.033542367826839,8.699143876520145,17.030792525145184,0.00432608826919142,0.00401927499486441
118.50000000000001,1.5980000486596637,6.955225559247011,8.553225607906676,17.109465260013245,0.004311838438272136,0.0040088250411989745
119.0,1.5315829914061319,6.8773765354373815,8.408959526843514,17.188827581618533,0.004297749953793312,0.003998493409152638
119.5,1.4663666997521876,6.7999909149209845,8.266357614673172,17.268870456693744,0.004283823985807926,0.0039882809567723864
119.99999999999999,1.402368066243611,6.723064368990096,8.125432435233707,17.34958498642187,0.004270061761253291,0.003978188583820975
120.50000000000001,1.3396045369366543,6.646592625420663,7.986197162357318,17.43096240552018,0.004256464566636456,0.00396821723374631
121.0,1.2780940478812943,6.570571469719056,7.848665517600351,17.512994080276254,0.004243033741953159,0.00395836788922205
121.5,1.2178549810434007,6.494996750360832,7.712851731404232,17.59567150685691,0.004229770676894944,0.003948641569366242
122.0,1.1589061838332086,6.41986438130176,7.578770565134969,17.67898631032681,0.004216676813001461,0.003939039331319814
122.50000000000001,1.1012668974952828,6.345170348945647,7.446437246440929,17.762930242654235,0.004203753637347746,0.003929562265617382
123.00000000000001,1.044956775225621,6.270910717605645,7.315867492831266,17.847495181745114,0.004191002684846803,0.003920211497876051
123.5,0.9899957790409295,6.19708164206921,7.187077421110139,17.932673129142916,0.0041784255294052865,0.003910988182309832
124.0,0.936404278190448,6.123679376681508,7.060083654871956,18.018456210037957,0.004166023794421089,0.0039018935094283507
124.49999999999999,0.8842028775684141,6.0507002990699075,6.934903176638322,18.104836670293952,0.004153799138343585,0.003892928695448188
125.00000000000001,0.8334125241450119,5.978140935381168,6.81155345952618,18.191806876733704,0.004141753267531853,0.003884094991723138
125.5,0.7840543806430524,5.905998003291577,6.6900523839346295,18.279359314912366,0.0041298879281186154,0.0038753936787789133
126.0,0.7361499071477788,5.834268476540533,6.570418383688311,18.367486589564813,0.004118204920282061,0.0038668260767810094
126.5,0.68972073455231,5.762949694575626,6.452670429127936,18.456181423145573,0.004106706096594524,0.003858393544326474
127.00000000000001,0.6447886998927084,5.692039540334026,6.336828240226734,18.54543665704826,0.004095393382834642,0.0038500974937106546
127.50000000000001,0.6013758239493212,5.621536764568467,6.222912588517788,18.635245253856127,0.00408426880747244,0.0038419394125570783
128.0,0.5595042506859347,5.551441602877671,6.110945853563606,18.725600302557574,0.00407333455601207,0.0038339209036819836
128.5,0.5191962976611344,5.486871587771719,6.006067885432854,18.816554723093372,0.004063092566936801,0.0038264100582210488
129.0,0.4804743477715969,5.445012807063764,5.925487154835361,18.908302390037786,0.0040552233549643905,0.0038206392631376877
129.5,0.4433609115834436,5.403529029728287,5.846889941311731,19.00057602902998,0.004047547845831224,0.00381501051915522
130.0,0.4078785463807879,5.362759480787524,5.770638027168312,19.093373107756154,0.0040401013698406546,0.0038095498385156616
130.5,0.3740498366186773,5.322836057957075,5.696885894575752,19.186688775692907,0.004032899013142162,0.0038042680300628736
131.0,0.3418974418894707,5.28778359159257,5.62968103348204,19.28056371635094,0.0040263360384259796,0.003799455046620229
131.5,0.311443985168284,5.272115843212916,5.583559828381199,19.375161124730717,0.004021832014490351,0.003796152272427598
132.0,0.2827121101918433,5.269998547065906,5.552710657257749,19.470406816930677,0.004018819400122826,0.0037939429982362157
132.5,0.25572441009515634,5.269767291947161,5.525491702042318,19.56615866218218,0.004016161299027569,0.0037919936227333783
133.0,0.23050341561956644,5.269994102714328,5.500497518333894,19.662394090024467,0.0040137204607747935,0.003790203620644221
133.5,0.20707158281685079,5.270324299163232,5.477395881980083,19.759103148261616,0.004011464441599616,0.003788549174152263
134.0,0.18545131697599215,5.270654331037113,5.456105648013105,19.856278906579895,0.0040093853171887794,0.003787024460095356
134.5,0.1656648479548477,5.270944865185559,5.436609713140406,19.953915272272017,0.004007481417298867,0.0037856282491621593
135.0,0.14773431276891813,5.271177337725454,5.418911650494372,20.05200648270662,0.00400575309086859,0.00378436079534927
135.5,0.13168167010154042,5.271341268216087,5.403022938317628,20.150546954835484,0.004004201458820081,0.003783222919757161
136.0,0.1175286987009656,5.271429716183127,5.388958414884093,20.249531230691208,0.004002827970203525,0.0037822156845407342
136.5,0.10529698883620764,5.2714373865310336,5.376734375367241,20.34895395370138,0.004001634216344457,0.003781340256396915
137.0,0.09500789857699665,5.271359750722584,5.366367649299581,20.44880985642974,0.004000621840751911,0.003780597840399532
137.5,0.08668254282002241,5.271192599478264,5.357875142298286,20.54909375371806,0.0039997924943650665,0.0037799896471327026
138.0,0.08034174878839417,5.270931806429329,5.351273555217723,20.649800537879745,0.00399914780812673,0.003779516872553209
138.5,0.07600608073703441,5.270573195539429,5.346579276276463,20.75092517589358,0.003998689382448873,0.0037791806902514368
139.0,0.07369576358712093,5.270112471048422,5.343808234635542,20.852462706127532,0.0039984187729136264,0.0037789822409573367
139.5,0.07343066992700242,5.269545179339174,5.3429758492661765,20.954408236154855,0.003998337485279899,0.003778922628873679
140.0,0.075230322842327,5.268866693670689,5.344097016513016,21.056756941001048,0.003998446974268849,0.003779002920782295
140.5,0.07911382438452286,5.268072211187852,5.347186035572375,21.159504060645023,0.003998748636286364,0.003779224140705166
141.0,0.08509985069445802,5.267156761776665,5.352256612471123,21.262644898414955,0.003999243809811633,0.0037795872701880105
141.5,0.09320663659173034,5.266115222021164,5.359321858612894,21.366174819298887,0.0039999337752551645,0.0037800932481952365
142.0,0.1034519190174179,5.2649423335480705,5.368394252565489,21.470089247804168,0.004000819751227098,0.0037807429683726877
142.5,0.11585289095685924,5.26363272864209,5.379485619598949,21.574383666001104,0.004001902892538959,0.0037815372775817924
143.0,0.13042623782607876,5.262180952811467,5.392607190637546,21.679053612471378,0.004003184295960697,0.0037824769801210784
143.5,0.14718801800779113,5.260581499340469,5.40776951734826,21.784094679553917,0.00400466499192854,0.003783562831644978
144.0,0.16615369259759527,5.258828840661521,5.424982533259117,21.889502512272443,0.004006345950513585,0.0037847955435406496
144.5,0.18733804636410767,5.256917470748318,5.444255517112426,21.995272806098964,0.004008228077843009,0.003786175780303385
145.0,0.21075516804203964,5.254841951358282,5.4655971194003214,22.101401305431718,0.004010312218691438,0.0037877041614368754
145.5,0.23641842105321054,5.252596977359854,5.4890153984130645,22.207883802161234,0.004012599160001275,0.0037893812640347707
146.0,0.26434034571227594,5.250177459510131,5.5145178052224075,22.31471613361851,0.00401508962941625,0.0037912076217052615
146.5,0.29453271412890025,5.247578645448919,5.542111359577819,22.421894182728362,0.004017784312458771,0.0037931837371679698
147.0,0.3270063704651025,5.244796310410387,5.571802680875489,22.529413876450484,0.004020683855554246,0.0037953100844719426
147.5,0.36177128747263954,5.241827059400579,5.603598346873219,22.637271188024204,0.0040237889010618375,0.0037975871346853578
148.0,0.39883645434233816,5.238668860728743,5.637505315071081,22.745462139924307,0.00402710012842491,0.0038000153860733308
148.5,0.4382098237965657,5.235322002098147,5.673531825894712,22.853982812420792,0.00403061834237253,0.0038025954287806444
149.0,0.4798983013891345,5.231790870608215,5.7116891719973495,22.96282936222832,0.004034344645702865,0.0038053280715429566
149.5,0.5239076263733153,5.228119214623578,5.752026840996893,23.07199843063087,0.004038283871191102,0.0038082168584436097
150.0,0.5702424268897612,5.225158973819022,5.7954014007087835,23.18149611489898,0.004042519668037967,0.003811323132733702
150.5,0.6189060177303625,5.222192986277245,5.841099004007608,23.291310219147103,0.004046982324610118,0.0038145957722841434
151.0,0.6699004269902593,5.219285886798105,5.889186313788365,23.401437689277866,0.004051678350955894,0.003818039551518922
151.5,0.7232262997111212,5.216444972086453,5.939671271797574,23.511874816475213,0.004056608522636482,0.0038216550407325247
152.0,0.7788828977555502,5.213630255378321,5.992513153133872,23.622617352470513,0.00406176886261073,0.0038254393386951756
152.5,0.8368679003765376,5.211145908366797,6.048013808743335,23.73366507353626,0.0040671888485100905,0.00382941467584984
153.0,0.8971774947572784,5.209537297165133,6.1067147919224105,23.845020577822876,0.004072921366398672,0.00383361855361795
153.5,0.9598061251008683,5.207875144355998,6.167681269456866,23.95666925522327,0.0040788751239703965,0.003837984550940417
154.0,1.0247465898731551,5.206246448492006,6.2309930383651615,24.06860835729272,0.004085057913902848,0.0038425183477559135
154.5,1.0919898559058976,5.2068917242145,6.298881580120398,24.180860265414758,0.004091687654308632,0.0038473799242620607
155.0,1.1615249851015133,5.210713097401792,6.372238082503305,24.293431734820018,0.004098851375244463,0.003852633357260066
155.5,1.2333391302026846,5.215403135175925,6.448742265378609,24.40629205456831,0.00410632248685338,0.0038581122130205703
156.0,1.3074173484455627,5.220256072439369,6.527673420884932,24.519429193851458,0.004114030607508294,0.003863764876836675
156.5,1.383742581778875,5.225696918950622,6.609439500729497,24.632844304094366,0.004122015576243114,0.003869620564109983
157.0,1.4622955503446282,5.232123139094297,6.694418689438924,24.746538197295106,0.004130314325140519,0.0038757063585511745
157.5,1.5430546950014028,5.239480359987853,6.782535054989256,24.860506391617225,0.004138919438963794,0.0038820168222761017
158.0,1.625996008854011,5.2490566978050115,6.875052706659023,24.97476004861421,0.0041479543658846695,0.0038886424846176137
158.5,1.7110930322205644,5.258996495497955,6.970089527718519,25.089273613375894,0.00415723530544126,0.0038954485575672993
159.0,1.7983167050539923,5.269010783463945,7.067327488517938,25.204039785505632,0.004166731200050579,0.003902412265395157
159.5,1.88763527792669,5.279008508468389,7.166643786395079,25.319053541790854,0.004176430057265143,0.003909524813574562
160.0,1.9790142577173997,5.288942237934593,7.267956495651993,25.434310333157384,0.004186323876528514,0.003916780334987359
160.5,2.072416289603761,5.298786195799131,7.371202485402892,25.54980582536395,0.004196406492715125,0.003924174308507983
161.0,2.167801006664303,5.308525775481408,7.476326782145712,25.66553577335138,0.004206672537318917,0.003931702797202798
161.5,2.2651250511416503,5.318152368786607,7.583277419928257,25.781495959731043,0.004217116935539869,0.003939362079524166
162.0,2.364341886871204,5.327660674812609,7.692002561683813,25.897682159884926,0.004227734625164434,0.003947148443154564
162.5,2.46540173629603,5.337047211197662,7.802448947493692,26.014090122666705,0.00423852040502868,0.003955058073878741
163.0,2.5682514926315934,5.3463094343241275,7.914560926955721,26.1307155580458,0.0042494688405230185,0.0039630869862866775
163.5,2.6728346719517804,5.355445193374151,8.028279865325931,26.24755412925008,0.004260574205598234,0.003971230981244358
164.0,2.7790912320825196,5.36445236061944,8.14354359270196,26.364601445559185,0.0042718304289748,0.00397948560644698
164.5,2.8869575820449036,5.3733285721408395,8.260286154185742,26.481853058770522,0.004283231069744701,0.0039878461385268295
165.0,2.996366467466957,5.382071027236774,8.378437494703732,26.599304459075157,0.00429476928659216,0.0039963075604816396
165.5,3.107246891564806,5.390676325191772,8.497923216756579,26.716951071969792,0.004306437814136384,0.0040048645443258165
166.0,3.219524099983604,5.399140326781853,8.618664426765458,26.83478825640056,0.004318228947926314,0.004013511440086509
166.5,3.333119416096577,5.407458028840311,8.740577444936887,26.952811301525685,0.004330134516107117,0.004022242255025542
167.0,3.447950320657699,5.415623442647159,8.863573763304858,27.07101542659893,0.004342145875322739,0.004031050650634607
167.5,3.5639302953316454,5.42362948369094,8.987559779022586,27.18939577846833,0.004354253884670174,0.004039929923534911
168.0,3.680968893087533,5.431467855530837,9.11243674861837,27.307947431905955,0.004366448901232263,0.004048873002201215
168.5,3.7989715977615477,5.439128941570584,9.238100539332132,27.426665387834497,0.004378720755794153,0.00405787242915376
169.0,3.91783992027411,5.446601688918214,9.364441609192324,27.545544574502326,0.0043910587508976875,0.0040669203595314835
169.5,4.037471366213849,5.453873495840188,9.491344862054037,27.664579847491115,0.0044034516466849635,0.004076008550710548
170.0,4.157759400082719,5.460930098384666,9.618689498467386,27.783765989978157,0.004415887646334705,0.004085128351624272
170.5,4.278593567073464,5.467755451536696,9.746349018610161,27.903097715089608,0.004428354396348648,0.004094270702973143
171.0,4.399859505347589,5.4743316140259815,9.87419111937357,28.022569667344612,0.004440838976501324,0.004103426129854607
171.5,4.521438977925918,5.480638629736699,10.002077607662617,28.14217642462397,0.004453327891373302,0.004112584735554065
172.0,4.643210042509326,5.486654412651031,10.129864455160357,28.261912502133374,0.004465807075699253,0.004121736205466817
172.5,4.765047084140602,5.492354628001713,10.257401712142315,28.381772355071476,0.004478261885951397,0.004130869800925877
173.0,4.886821030737469,5.497712582289685,10.384533613027154,28.501750383888183,0.004490677110647182,0.004139974366760993
173.5,5.008399466760894,5.502699112649894,10.511098579410788,28.621840938701087,0.004503036970645584,0.004149038331515939
174.0,5.129646840198367,5.507282485724398,10.636929325922765,28.742038325264115,0.004515325129484644,0.004158049715029424
174.5,5.2504246838645905,5.511428299964317,10.761852983828907,28.86233681148979,0.004527524705452041,0.00416699613728692
175.0,5.3705918954527645,5.515099402229632,10.885691297682396,28.982730635161047,0.004539618290789296,0.004175864832503846
175.5,5.490004956785081,5.518255816172374,11.008260772957456,29.10321401139375,0.004551587966109126,0.004184642659698375
176.0,5.608518375764812,5.520854682539913,11.129373058304726,29.22378114314101,0.0045634153377250705,0.00419331613006669
176.5,5.725984905316266,5.522850227150115,11.24883513246638,29.34442622969562,0.004575081555904919,0.004201871420368943
177.0,5.842256063210559,5.524193742138856,11.366449805349415,29.465143479106093,0.004586567363803653,0.004210294408813666
177.5,5.957182510749882,5.524833600209956,11.482016110959837,29.585927119539218,0.004597853135835921,0.004218570703197805
178.0,6.070614537279763,5.524715298051818,11.595329835331581,29.706771412380817,0.0046089189292316,0.004226685678714412
178.5,6.182402620652024,5.523781534335094,11.706184154987117,29.82767066673645,0.004619744546385461,0.004234624523676068
179.0,6.292397954936195,5.521972333279082,11.814370288215278,29.948619254128875,0.004630309598458522,0.00424237228615623
179.5,6.400453096460686,5.519225204762484,11.91967830122317,30.069611624980645,0.004640593584103824,0.004249913931721886
180.0,6.506422563614722,5.515475365273409,12.02189792888813,30.19064232516579,0.00465057596961798,0.004257234402211809
180.5,6.610163606731253,5.510656006372741,12.120819613103993,30.311706014911675,0.004660236290342186,0.004264318690097836
181.0,6.711536881053062,5.504698628163618,12.21623550921668,30.432797487043416,0.004669554248946941,0.004271151910560882
181.5,6.810407262988156,5.497533434092158,12.307940697080314,30.553911687227885,0.0046785098336992485,0.004277719388220852
182.0,6.90664458496992,5.489089795872868,12.395734380842788,30.675043733586598,0.004687083435629178,0.004284006743059436
182.5,7.0001245801241545,5.479296788400904,12.47942136852506,30.796188938957947,0.0046952559930200245,0.004289999996380342
183.0,7.090729618326412,5.468083795689803,12.558813414016214,30.91734283081702,0.0047030091224625195,0.004295685666916436
183.5,7.178349650915127,5.455381188986597,12.633730839901723,31.038501173613298,0.004710325277334151,0.00430105088704877
184.0,7.262883044525968,5.441121076109516,12.704004120635485,31.1596599896629,0.0047171879024058075,0.004306083516185638
184.5,7.344237477215858,5.425238111086207,12.769475588302065,31.2808155803687,0.004723581600420123,0.004310772262920933
185.0,7.422330748118926,5.407670372140227,12.830001120259151,31.401964546012884,0.0047294922969003065,0.004315106805894858
185.5,7.497091646802063,5.388360270711617,12.88545191751368,31.523103805288056,0.004734907413819695,0.004319077921152539
186.0,7.568460675171876,5.367255515551998,12.935716190723873,31.64423061233913,0.004739816034250378,0.0043226776028872605
186.5,7.636390791889848,5.344310080980793,12.980700872870642,31.765342572633397,0.004744209069616272,0.004325899186093621
187.0,7.70084802157257,5.319485175252289,13.02033319682486,31.886437655718893,0.004748079413752427,0.0043287374595452
187.5,7.7618119872221545,5.292750188589074,13.054562175811228,32.00751420529022,0.004751422087481564,0.004331188771818149
188.0,7.819276370128518,5.264083580329741,13.08335995045826,32.12857094614182,0.004754234370161939,0.004333251127760333
188.5,7.8732491246914496,5.233473696897722,13.106722821589171,32.24960698593589,0.004756515900545817,0.004334924262454769
189.0,7.9237526783349645,5.200919470933191,13.124672149268156,32.370621813964306,0.004758268764576967,0.004336209705604929
189.5,7.970823896162889,5.166431003080748,13.137254899243636,32.491615294459706,0.0047594975487542605,0.004337110820668336
190.0,8.014513864783115,5.130029997436612,13.144543862219727,32.612587654900615,0.004760209361544894,0.004337632820559717
190.5,8.054887557994215,5.0917500441719055,13.14663760216612,32.733539470150255,0.004760413828336535,0.0043377827639492035
191.0,8.092023208858764,5.051636760671698,13.143659969530463,32.854471640733344,0.0047601230438994585,0.004337569520400986
191.5,8.126011636098939,5.009747769387447,13.135759405486386,32.97538536813888,0.004759351504442029,0.004337003720546947
192.00000000000003,8.156955238409935,4.966152516590159,13.123107755000095,33.096282124132976,0.0047581159916992265,0.0043360976710842885
192.5,8.184966918658027,4.920931898379627,13.105898817037655,33.21716361704006,0.004756435431351333,0.004334865250948454
193.0,8.210168832221719,4.874177678577006,13.084346510798724,33.338031753887016,0.004754330713945187,0.004333321779987741
193.5,8.232690972074735,4.825991681260189,13.058682653334923,33.45888859866584,0.004751824477864737,0.004331483859807178
194.0,8.252669612454289,4.776484763241079,13.029154375695368,33.57973632733329,0.0047489408570015,0.004329369188725469
194.5,8.270245761297112,4.725775583299312,12.996021344596423,33.70057718178551,0.0047457052094332436,0.004326996362804542
195.0,8.285563481667948,4.67398921143377,12.959552693101717,33.82141342193969,0.004742143817685713,0.004324384656039812
195.5,8.298768245508992,4.6411458666871965,12.939914112196188,33.94247941218041,0.004740225987519158,0.004322978236734384
196.0,8.310005196963408,4.671233634707663,12.981238831671071,34.06428912421415,0.0047442616046553775,0.00432593771126769
196.50000000000003,8.319417668550994,4.700382555299556,13.019800223850549,34.18609760914655,0.004748027365610405,0.004328699289791451
197.0,8.327145569661802,4.728553695577864,13.055699265239667,34.30790471066893,0.00475153313137106,0.0043312702037481545
197.5,8.333324026327823,4.755713839435342,13.089037865763164,34.42971015931703,0.004754788854078433,0.004333657751426687
198.0,8.338082120213066,4.781843684657419,13.119925804870485,34.551513653447095,0.004757805254381882,0.00433586979470124
198.5,8.341541756562687,4.80710518460571,13.148646941168398,34.67331680110178,0.004760610052848476,0.004337926662370039
199.0,8.34381678135609,4.833503161670434,13.177319943026523,34.79514250594406,0.004763410150686183,0.0043399800916763785
199.5,8.345012252331284,4.860700889572793,13.205713141904077,34.91698612930204,0.004766182924014069,0.004342013465993223
200.0,8.345223835436606,4.887264410788738,13.232488246225344,35.03883001249998,0.004768797680295442,0.004343930966943208
200.5,8.34453752487491,4.912734549325209,13.25727207420012,35.067356846242596,0.004771217975996105,0.004345705863427575
201.00000000000003,8.343029427740278,4.937065552355867,13.280094980096145,34.94552729490458,0.004773446775400013,0.004347340328372667
201.5,8.340765759849628,4.960245825835162,13.30101158568479,34.82370750548252,0.004775489412664529,0.004348838273427601
202.0,8.33780302295748,4.982273614884102,13.320076637841582,34.701899203592,0.004777351234164217,0.004350203619276263
202.5,8.334188276617274,5.003152939729005,13.337341216346278,34.58010421189223,0.0047790372281588155,0.004351440023997013
203.0,8.329959552976632,5.022892277952859,13.352851830929492,34.458324449483904,0.004780551936614207,0.004352550818387343
203.5,8.325146294969729,5.0415038461279575,13.366650141097686,34.33656192427445,0.00478189942784157,0.004353538985896629
204.0,8.319770020363823,5.059003062879876,13.378773083243699,34.21481872102845,0.0047830833089105166,0.004354407171728407
204.5,8.313844869778375,5.075408057916574,13.38925292769495,34.093096990850405,0.004784106731220209,0.004355157686925611
205.0,8.307378288360319,5.090739223036089,13.398117511396407,33.97139893937745,0.004784972413222304,0.0043557925250340785
205.50000000000003,8.300371708561261,5.105018780063414,13.405390488624676,33.849726815635655,0.004785682664904753,0.004356313380057414
206.0,8.292821178483955,5.118270371691702,13.411091550175657,33.728082902222084,0.00478623940919684,0.004356721662154121
206.5,8.284718051955156,5.130518683719776,13.415236735674933,33.60646950541145,0.004786644212468254,0.004357018520003724
207.0,8.27604961601115,5.1417890937191455,13.417838709730296,33.484888946724034,0.0047868983114970984,0.004357204860583468
207.5,8.266799683644043,5.1521073562419675,13.418907039886012,33.36334355551356,0.004787002640613867,0.004357281369074033
208.0,8.256949149483662,5.161499317597566,13.418448467081227,33.24183566266483,0.0047869578581134,0.004357248528228446
208.5,8.24647653878844,5.169990670552321,13.416467209340759,33.120367594888066,0.004786764375912183,0.00435710664012093
209.0,8.23535845529463,5.177687189177672,13.413045644472302,32.998940731865424,0.004786430238717997,0.004356861604247625
209.5,8.223570015011298,5.193633308178178,13.417203323189476,32.87745211477039,0.004786836262030221,0.004357159356779596
210.00000000000003,8.211085228531708,5.208329809691403,13.41941503822311,32.756015180813336,0.0047870522498264755,0.004357317748892487
210.5,8.197877341038664,5.221808912308964,13.419686253347628,32.63463210373987,0.004787078735678478,0.004357337171875012
211.0,8.183919175356948,5.234102804137794,13.418021979494743,32.51330503077292,0.004786916208935033,0.00435721798458549
211.5,8.169183290215841,5.2452434179380925,13.414426708153933,32.39203608574907,0.004786565108218156,0.0043569605086823246
212.0,8.153642326335197,5.25526223945575,13.408904565790948,32.270827370154784,0.004786025836503021,0.004356565039682693
212.5,8.137269066415662,5.2641901501912045,13.401459216606867,32.14968096750277,0.004785298751621763,0.004356031839998626
213.0,8.120036746201302,5.272057296120102,13.392094042321403,32.02859894480459,0.0047843841838204485,0.004355361151812217
213.5,8.101919031993074,5.278892987162512,13.380812019155584,31.907583357838842,0.004783282423745662,0.004354553188265712
214.0,8.082890249444155,5.284725618399855,13.367615867844009,31.78663625343135,0.00478199373709414,0.004353608144204661
214.50000000000003,8.062925430478348,5.289582610403737,13.352508040882086,31.665759673776122,0.00478051836336739,0.004352526195264623
215.0,8.042000393585855,5.293490369538013,13.335490763123868,31.544955660224343,0.004778856519836314,0.0043513075007785874
215.5,8.02009178777828,5.2964742651044014,13.316566052882681,31.424226257345417,0.004777008403601823,0.0043499522052880945
216.0,7.997177171641114,5.298558613191932,13.295735784833045,31.303573516506074,0.004774974197737601,0.004348460443047963
216.5,7.973235005350545,5.29976668046831,13.273001685818855,31.18299950020343,0.004772754070880746,0.004346832337726095
217.0,7.948244737148002,5.30012069190299,13.248365429050992,31.06250628519331,0.00477034818643076,0.004345068009149442
217.5,7.9221867624360005,5.299641844290282,13.221828606726284,30.942095966955687,0.004767756699875613,0.004343167571343117
218.0,7.895042482627929,5.2983503308975,13.193392813525428,30.82177066276569,0.004764979766945841,0.0043411311385100956
218.5,7.866794283320441,5.296265370361875,13.163059653682318,30.70153251554079,0.004762017544304912,0.004338958825537493
219.00000000000003,7.837425565318604,5.293405231807802,13.130830797126407,30.581383696986958,0.004758870195031875,0.004336650752017205
219.5,7.806920707089533,5.289787274072392,13.096707981161924,30.461326411243817,0.004755537888785344,0.004334207042366156
220.0,7.775265103006185,5.2854279771164645,13.06069308012265,30.34136289759387,0.004752020808605727,0.004331627830814641
220.5,7.742445145454141,5.28034298228343,13.02278812773757,30.221495433577353,0.004748319153099371,0.00432891326300804
221.0,7.708448216167879,5.27454712618925,12.982995342357128,30.10172633792601,0.004744433138902062,0.004326063497813394
221.5,7.673262669336751,5.268054481367841,12.941317150704592,29.982057973366054,0.004740363002998494,0.004323078709020364
222.0,7.636877851480195,5.260878391312766,12.897756242792962,29.862492748912032,0.004736109008085249,0.004319959089274105
222.5,7.599284053236202,5.253031508528701,12.852315561764904,29.743033122776108,0.004731671441578603,0.004316704849347656
223.0,7.5604725481726245,5.244525830716178,12.804998378888802,29.62368160414454,0.004727050622938359,0.004313316223512779
223.50000000000003,7.520435540112082,5.235372734900347,12.755808275012429,29.504440755909812,0.004722246901856682,0.004309793468211762
224.0,7.479166150432201,5.225583014418523,12.704749164850725,29.385313196773666,0.004717260660629953,0.004306136863796793
224.5,7.436658487810552,5.215166907007735,12.651825394818287,29.266301602365722,0.004712092323712723,0.004302346721536231
225.0,7.392907516956829,5.204134131553177,12.597041648510006,29.147408708488122,0.004706742348487304,0.004298423376845596
225.5,7.34790912357014,5.192493913552712,12.540403037122854,29.02863731208827,0.004701211234094027,0.0042943671957631204
226.0,7.301660099811331,5.180255018248573,12.481915118059904,28.909990272961352,0.004695499523248037,0.004290178576282082
226.5,7.254158116386076,5.167425775016746,12.421583891402822,28.791470515609706,0.004689607801894806,0.004285857948098169
227.0,7.20540169967546,5.154014105196749,12.35941580487221,28.673081030906395,0.004683536699694552,0.004281405772964707
227.5,7.155390253444963,5.140027546304423,12.295417799749387,28.554824877190278,0.004677286894506775,0.00427682254798135
228.00000000000003,7.104124029127366,5.125473274689128,12.229597303816494,28.43670518189385,0.004670859111700829,0.004272108805088469
228.5,7.051604125904871,5.110358129554768,12.161962255459638,28.318725142727555,0.004664254126509729,0.004267265112793295
229.0,6.997832444997345,5.0946886323510645,12.092521077348408,28.200888029377694,0.004657472761459805,0.00426229207428496
229.50000000000003,6.9428117400559906,5.078471007155505,12.021282747211496,28.083197184000706,0.004650515893282372,0.004257190332503088
230.0,6.886545547999576,5.061711198637632,11.94825674663721,27.965656023075574,0.004643384447913789,0.004251960566471121
230.5,6.829038221553798,5.044414890605293,11.87345311215909,27.848268038001297,0.004636079405484285,0.004246603494954801
230.99999999999997,6.770294882597337,5.026587520829618,11.796882403426956,27.731036796604954,0.004628601797209662,0.0042411198741827165
231.5,6.71032144630739,5.008234299394967,11.718555745702357,27.613965943728783,0.004620952709541245,0.004235510500889591
232.00000000000003,6.649124591192145,4.9893602193456985,11.638484810537843,27.497059202489748,0.004613133282279085,0.004229776210932599
232.5,6.586711760844487,4.969970073328296,11.556681834172783,27.380320375052396,0.004605144710368435,0.004223917880608747
233.0,6.523091119249257,4.950068464979929,11.473159584229187,27.26375334396215,0.004596988240647381,0.004217936424269753
233.49999999999997,6.458271616601614,4.929659821785372,11.387931438386985,27.147362072131994,0.004588665179529978,0.004211832799956341
234.0,6.392262891865464,4.9087484058721405,11.301011297737604,27.031150604721716,0.004580176884544687,0.004205608003192981
234.50000000000003,6.325075325456444,4.887338324919486,11.212413650375929,26.915123069228976,0.004571524770544524,0.004199263071541972
235.0,6.256720003691028,4.86543354193608,11.122153545627109,26.799283676591713,0.004562710307190146,0.004192799082757612
235.5,6.187208712951132,4.843037885066815,11.030246598017946,26.68363672191336,0.004553735019337689,0.004186217155070514
236.00000000000003,6.116553939049114,4.820155056962419,10.936708996011532,26.568186585105686,0.00454460048789175,0.004179518447813013
236.5,6.044768824415066,4.796788642419691,10.841557466834757,26.452937732017958,0.004535308346370581,0.004172704158900147
237.00000000000003,5.971867241794428,4.772942117724195,10.744809359518623,26.3378947141631,0.00452586028901549,0.004165775530776422
237.49999999999997,5.897863671229144,4.748618858070385,10.64648252929953,26.223062170740565,0.004516258059501906,0.004158733842136982
238.0,5.822773281071076,4.723822145964783,10.546595427035859,26.108444828245727,0.0045065034596714695,0.004151580414330923
238.50000000000003,5.746611876849345,4.698555177712014,10.44516705456136,25.994047501625836,0.004496598345172007,0.004144316608163586
239.0,5.669395906139176,4.672821073590723,10.342216979729898,25.879875094721758,0.004486544626926747,0.004136943824973573
239.5,5.591142451186763,4.646622883084507,10.23776533427127,25.765932600894466,0.004476344270924928,0.004129463506478654
239.99999999999997,5.511869192045997,4.61996359677454,10.131832788820537,25.652225103903287,0.004465999295783255,0.004121877132986821
240.5,5.431594432081688,4.592846152043062,10.02444058412475,25.538757778115016,0.004455511775793432,0.004114186225630277
241.00000000000003,5.350337087590656,4.565273447297198,9.915610534887854,25.425535889020175,0.004444883841297641,0.004106392346639643
241.5,5.268116656221913,4.537248350943929,9.805365007165843,25.31256479404618,0.004434117676481039,0.0040984970977235935
242.0,5.184953193036915,4.508773716587305,9.69372690962422,25.199849943198846,0.004423215518517989,0.004090502119440737
242.49999999999997,5.100867355242113,4.479852401737454,9.580719756979567,25.08739687885159,0.004412179663767535,0.004082409095740239
243.0,5.015880346531965,4.450487286780107,9.466367633312071,24.97521123669476,0.004401012464190631,0.004074219751330667
243.50000000000003,4.930013936882073,4.420681307332362,9.350695244214435,24.863298745640364,0.004389716332442816,0.004065935855409355
244.0,4.8432903996025995,4.3904374880539185,9.233727887656517,24.75166522866826,0.004378293739028956,0.004057559219568354
244.5,4.755732562490996,4.359758996127837,9.115491558618833,24.640316602104928,0.004366747222521369,0.004049091705276855
245.00000000000003,4.667363756152524,4.32864921128988,8.996012967442404,24.529258875903682,0.004355079391351796,0.004040535225179138
245.5,4.578207834680415,4.297111827387738,8.875319662068154,24.41849815270716,0.0043432929357488425,0.004031891751824171
246.00000000000003,4.488289104091542,4.265151002672109,8.753440106763652,24.308040627413128,0.004331390635426137,0.004023163323265244
246.49999999999997,4.397632411674888,4.232771582464359,8.630403994139247,24.197892584014365,0.004319375390052661,0.0040143520653432565
247.0,4.306263013649488,4.199979452415679,8.506242466065167,24.088060393497575,0.004307250240826676,0.004005460207404773
247.50000000000003,4.214206632644246,4.166782105513201,8.380988738157448,23.978550507030267,0.004295018431460688,0.0039964901268462775
248.0,4.121489458017195,4.133189599366017,8.254679057383212,23.869369445257053,0.004282683501697578,0.0039874444173701
248.5,4.028138074291721,4.09921625379189,8.127354328083612,23.760523779793644,0.004270249446101914,0.00397832600481705
248.99999999999997,3.934179467530942,4.074511336311302,8.008690803842244,23.651907736522443,0.004258661211312719,0.003969827848815727
249.5,3.83964106273368,4.049773994098609,7.889415056832289,23.543636804143162,0.004247013189143777,0.003961285820384839
250.00000000000003,3.744550623208264,4.025046890200094,7.769597513408358,23.4357175285175,0.004235312257168784,0.003952704940369444
250.5,3.6489362871612117,4.0004544029608775,7.64939069012209,23.328155604653574,0.004223573309582234,0.00394409608403773
251.0,3.5528265246347535,3.9762550701256614,7.529081594760415,23.22095526561711,0.004211824374488321,0.003935479708350835
251.49999999999997,3.4562501657766482,3.9530161945101203,7.409266360286768,23.11411724490194,0.004200123667996754,0.003926898316518357
252.0,3.359236314803778,3.9320787393754006,7.2913150541791785,23.007633352266623,0.004188604985759684,0.003918449634036826
252.50000000000003,3.261814389067758,3.915494538578888,7.177308927646646,22.901487206406216,0.004177471574965492,0.0039102838510072365
253.0,3.1640140647043786,3.9026536820443436,7.066667746748722,22.795693596827128,0.004166666772143429,0.0039023609874528527
253.5,3.0658652687527344,3.8963382773836845,6.9622035461364185,22.690227833203263,0.004156465190052383,0.003894881398603985
254.00000000000003,2.9673981734231383,3.9109924570115897,6.878390630434728,22.584929228508862,0.004148280335003391,0.003888880763982452
254.5,2.868643131704334,3.9609953565901552,6.829638488294489,22.47963796299262,0.004143519383622509,0.0038853900477988095
255.00000000000003,2.769630716114497,4.033266138797761,6.802896854912258,22.37451480357883,0.004140907895987525,0.003883475031282024
255.49999999999997,2.6703916303877286,4.109591819571207,6.7799834499589355,22.269780523509716,0.004138670258785051,0.0038818340805880486
256.0,2.570956735057721,4.186994106170934,6.757950841228655,22.165478206689126,0.004136518636838735,0.0038802562071276452
256.5,2.4713570008561185,4.26524731533379,6.736604316189908,22.061618923671425,0.00413443401525292,0.0038787274688161988
257.0,2.3716234856932674,4.344265392325003,6.71588887801827,21.958212227804527,0.004132411023243972,0.003877243927091227
257.5,2.2717873145734373,4.424005305439054,6.695792620012491,21.855267283411727,0.004130448498048094,0.0038758047289873957
258.0,2.1718796456937763,4.504441858129869,6.676321503823646,21.75279316064174,0.0041285470218577775,0.003874410301192876
258.5,2.0719316532676704,4.585558518945708,6.657490172213379,21.650798943187333,0.0041267080246302126,0.003873061692153309
259.0,1.9719744420846612,4.667343439724817,6.639317881809479,21.549293776252682,0.0041249333868954565,0.003871760280790925
259.5,1.8720391486529793,4.749787506304591,6.6218266549575695,21.448286888625493,0.0041232252592732,0.0038705076441360974
260.0,1.7721567729830803,4.832883303551532,6.605040076534612,21.34778760722471,0.004121585944974083,0.003869305471149394
260.50000000000006,1.6723582135786152,4.9166245227478,6.5889827363264155,21.247805364117223,0.004120017845344375,0.0038681555227787308
261.0,1.5726742028464202,5.001005608101614,6.573679810948034,21.148349701908973,0.004118523419037893,0.003867059602012428
261.5,1.4731353344119578,5.086021532884444,6.559156867296402,21.04943027655317,0.004117105162821913,0.0038660195397991997
262.0,1.3737719713592615,5.171667655398549,6.54543962675781,20.95105686061993,0.004115765588550567,0.003865037178158887
262.5,1.2746142002025866,5.2579396236344955,6.532553823837082,20.853239345465738,0.00411450720935909,0.0038641143600561105
263.0,1.1756918500350735,5.344833308051611,6.520525158086684,20.755987742317423,0.004113332534969402,0.0038632529259562203
263.5,1.0770344032303099,5.43234475434804,6.5093791575783495,20.659312184390185,0.00411224405835726,0.00386245470404677
264.0,0.9786710269350718,5.520470151380002,6.4991411783150745,20.563222927421545,0.004111244255694831,0.0038617215101946737
264.5,0.8806304176569606,5.60920580667289,6.48983622432985,20.467730352299885,0.004110335568782212,0.003861055135062021
265.0,0.7829408745161097,5.698548127613828,6.481489002129937,20.3728449649593,0.004109520410364251,0.0038604573480047234
265.5,0.6856301863397283,5.788493609375143,6.474123795714871,20.278577398370437,0.00410880115192528,0.00385992988812163
266.0,0.5887256107486496,5.8790388238694415,6.467764434618092,20.184938413446076,0.004108180120568172,0.003859474461965609
266.5,0.4922538549708282,5.970180412662155,6.462434267632983,20.09193889988125,0.004107659596448533,0.0038590927416617842
267.0,0.39624097484455234,6.061915080813392,6.458156055657945,19.999589877937563,0.004107241802310345,0.0038587863572334966
267.5,0.30071236995120554,6.1542395915122095,6.454951961463415,19.907902499096068,0.004106928902486661,0.0038585568958693817
268.0,0.20569272376003278,6.247150762248833,6.452843486008867,19.816888047333276,0.0041067229966805525,0.0038584058973626365
268.5,0.11120594417837859,6.3406454633942815,6.45185140757266,19.726557940363048,0.004106626114020766,0.003858334849751741
269.0,0.017275126101706118,6.434720613556223,6.45199573965793,19.636923730657628,0.004106640208950969,0.003858345186305846
269.50000000000006,-0.07607750970839611,6.529373178023371,6.453295668314975,19.547997106706376,0.004106767155108884,0.0038584382810360773
270.0,-0.1688306761435392,6.624600168170234,6.455769492026695,19.45978989424176,0.004107008739455731,0.0038586154443903987
270.5,-0.260964066029167,6.720398637673734,6.459434571644566,19.37231405734395,0.004107366657387164,0.003858877919668254
271.0,-0.35245838877814517,6.816765683483187,6.4643072947050415,19.28558169937323,0.004107842509248538,0.003859226880465067
271.5,-0.4432954797863857,6.913698441874517,6.470402962088131,19.199605064803315,0.004108437789266418,0.0038596634225552713
272.0,-0.5334583302539015,7.01119408981312,6.477735759559218,19.114396540057854,0.004109153882769454,0.0038601885618542646
272.5,-0.6229311378807738,7.109249840168404,6.4863187022876305,19.0299686546548,0.004109992060770276,0.003860803230445093
273.0,-0.711699375534661,7.207862944941509,6.496163569406848,18.94633408245935,0.004110953473574887,0.0038615082718919686
273.5,-0.7997498901329694,7.307030690582872,6.5072808004499025,18.863505643372164,0.004112039140668935,0.003862304433823474
274.0,-0.8870709198009625,7.406750396643005,6.519679476842043,18.78149630401474,0.004113249948910355,0.0038631923666071527
274.5,-0.9736522057196764,7.507019416976989,6.533367211257312,18.70031917947836,0.0041145866417243455,0.003864172615425767
275.0,-1.0594850190852374,7.607835136501146,6.548350117415909,18.61998753412159,0.004116049816153897,0.0038652456181143295
275.5,-1.1445622734499104,7.7091949697674504,6.56463269631754,18.54051478332874,0.004117639911749759,0.0038664116970126903
276.0,-1.2288785613524231,7.811096359415269,6.582217798062846,18.461914494370408,0.004119357206842074,0.0038676710562313738
276.5,-1.3124302791841993,7.913536775203619,6.60110649601942,18.384200388270077,0.004121201806251896,0.0038690237726399608
277.0,-1.3952156292243099,8.016513712282979,6.621298083058669,18.307386340227364,0.004123173640923698,0.0038704697955975914
277.5,-1.4772347743204293,8.12002468851676,6.642789914196332,18.231486381813095,0.004125272452558235,0.0038720089356836488
278.0,-1.558489879282047,8.224067243352064,6.665577364070017,18.156514701802166,0.004127497789459963,0.0038736408616525044
278.50000000000006,-1.638985190988857,8.328638936042847,6.68965374505399,18.082485647441867,0.0041298489985404285,0.003875365094569301
279.0,-1.7187271483856286,8.433737342457716,6.715010194072088,18.009413726058863,0.004132325214264852,0.0038771809997040483
279.5,-1.797724432310157,8.539360053494367,6.7416356211842094,17.93731360591771,0.00413492535363127,0.0038790877828496326
280.0,-1.8759881065738488,8.64550467474421,6.769516568170361,17.866200118098774,0.0041376481023603865,0.003881084480194303
280.5,-1.9535316280601283,8.752168819697783,6.7986371916376545,17.7960882568906,0.004140491913245864,0.003883169957111874
281.0,-2.0303710501187635,8.85935011278275,6.828979062663986,17.726993182287895,0.004143454986588279,0.003885342893813185
281.5,-2.1065250006601812,8.967046181885857,6.860521181225677,17.65893021994552,0.004146535271604069,0.0038876017863793367
282.0,-2.182014854620122,9.075254657850227,6.893239803230105,17.591914863278323,0.004149730449534189,0.003889944934374616
282.5,-2.2568648085222254,9.183973172459531,6.927108363937306,17.52596277439363,0.004153037926165752,0.0038923704353623213
283.0,-2.331102010326472,9.293199353752897,6.962097343426425,17.46108978565324,0.004156454818693986,0.00389487617527013
283.5,-2.4047565816134293,9.402930825067365,6.998174243453936,17.397311899886247,0.004159977953462298,0.003897459826732794
284.0,-2.4778618211798693,9.513165199864874,7.035303378685004,17.334645292715216,0.004163603845574707,0.003900118834141154
284.5,-2.550454252980137,9.623900079637128,7.073445826656991,17.27310631297436,0.004167328694009472,0.0039028504100587645
285.0,-2.6225737607163953,9.735133051442409,7.112559290726013,17.21271148408281,0.004171148368234961,0.0039056515254068027
285.5,-2.694263672462146,9.84686168333036,7.152598010868214,17.15347750479624,0.004175058399498848,0.003908518903076083
286.0,-2.765570889901175,9.959083520692621,7.193512630791446,17.095421250400914,0.004179053967850726,0.0039114490084102525
286.5,-2.836546035432142,10.071796085060171,7.235250049628029,17.038559774015827,0.004183129887658986,0.003914438038584744
287.0,-2.907243520093177,10.184996867473762,7.277753347380585,16.98291030695823,0.004187280600330134,0.003917481917267575
287.50000000000006,-2.977721687944139,10.298683328437582,7.320961640493443,16.928490259844175,0.0041915001602044364,0.003920576284276075
288.0,-3.048042910252662,10.412852890341377,7.364809980088715,16.87531722310582,0.004195782224618037,0.003923716488289052
288.33184020586253,-3.094659558103931,10.488890420581704,7.394230862477773,16.840724468825808,0.004198655357663844,0.003925823468252427
288.33185166501846,3.1882975325800267,8.64635276777601,11.834650300356037,15.658878117882058,0.004632290068394143,0.004243824651652973
288.5,3.158479243179966,8.616600057585554,11.77507930076552,15.680086002240925,0.004626472587965382,0.004239558467579363
289.0,3.070498469105999,8.528504508480943,11.599002977586942,15.743749260986823,0.004609277634529974,0.004226948741190287
289.5,2.983542549095435,8.44096785102365,11.424510400119086,15.808301497907511,0.004592237343761628,0.004214452434938018
290.0,2.8976104755104775,8.353985015750595,11.251595491261073,15.873730808143092,0.004575351122193464,0.004202069113610505
290.5,2.812702526438682,8.267550952833927,11.08025347927261,15.940025453273748,0.004558618503835214,0.004189798435479253
291.0,2.728820237139562,8.181660634852992,10.910480871992554,16.00717385978257,0.004542039147655523,0.004177640150453005
291.5,2.645966340411186,8.096309057500157,10.742275397911342,16.0751646171293,0.004525612831827279,0.004165594095857627
292.0,2.564144717593031,8.011491242291452,10.575635959884483,16.143986475970156,0.004509339449207468,0.004153660193121305
292.5,2.4833603599028935,7.927202239448532,10.410562599351426,16.213628346499387,0.004493219003842912,0.004141838445212073
293.0,2.4036193273663433,7.843437128474426,10.24705645584077,16.284079296734827,0.004477251607015699,0.004130128933737782
293.5,2.3249286765628767,7.760191020940983,10.08511969750386,16.355328550465206,0.00446143747045936,0.004118531813971256
294.0,2.2472964870731267,7.6774590607704525,9.92475554784358,16.427365486319847,0.004445776908969099,0.0041070473167644835
294.5,2.170731723432794,7.5952364288227905,9.765968152255585,16.500179634969033,0.004430270327368709,0.0040956757389909665
295.0,2.0952443067735143,7.513518339964814,9.608762646738327,16.573760678684074,0.00441491822722054,0.004084417448466388
295.5,2.0208449658660728,7.432300049484805,9.453145015350877,16.648098448432457,0.004399721192905359,0.004073272873740464
296.0,1.9475452956945654,7.351576852623723,9.299122148318288,16.723182923315132,0.004384679897296707,0.004062242508258161
296.50000000000006,1.8753576566711099,7.27134408406056,9.14670174073167,16.79900422814418,0.004369795091868326,0.004051326903105115
297.0,1.8042951462745047,7.191597124045999,8.995892270320503,16.87555263194374,0.004355067604523486,0.004040526665415794
297.5,1.7343715848423886,7.1123313957778675,8.846702980620256,16.95281854651487,0.0043404983379511965,0.004029842457168075
298.0,1.6656015086933051,7.033542367819016,8.699143876512322,17.030792525145092,0.0043260882691906555,0.00401927499486385
298.5,1.5980000489862909,6.955225559243018,8.553225608229308,17.109465260017007,0.004311838438303643,0.00400882504122208
299.0,1.5315829918416346,6.877376535433695,8.408959527275329,17.18882758162357,0.00429774995383548,0.003998493409183563
299.5,1.4663666998610636,6.799990914914125,8.266357614775188,17.268870456694934,0.004283823985817888,0.003988280956779691
300.0,1.402368065744667,6.723064369143502,8.12543243488817,17.34958498641785,0.004270061761219547,0.00397818858379623
300.5,1.3396045421259033,6.646592625173538,7.986197167299441,17.430962405577848,0.004256464567119085,0.0039682172341002405
301.0,1.27809404799017,6.570571469712454,7.848665517702624,17.512994080277448,0.0042430337419631465,0.003958367889229374
301.5,1.2178549768583649,6.4949967503331445,7.712851727191509,17.595671506807737,0.004229770676483545,0.003948641569064547
302.0,1.1589061838332086,6.419864381295638,7.578770565128847,17.678986310326735,0.004216676813000864,0.003939039331319376
302.5,1.1012668977130342,6.345170348939308,7.4464372466523425,17.76293024265671,0.004203753637368392,0.003929562265632523
303.0,1.0449567751167455,6.270910717598998,7.315867492715743,17.847495181743767,0.004191002684835521,0.003920211497867777
303.5,0.9899957795853078,6.197081642062886,7.187077421648194,17.932673129149194,0.004178425529457831,0.003910988182348365
304.0,0.9364042778638209,6.123679376670714,7.060083654534536,18.01845621003402,0.004166023794388137,0.003901893509404186
304.5,0.8842028777861655,6.050700299059421,6.934903176845586,18.104836670296372,0.004153799138363826,0.0038929286954630317
305.0,0.8334125240361361,5.978140935376232,6.811553459412369,18.191806876732375,0.004141753267520739,0.0038840949917149873
305.50000000000006,0.7840543806430524,5.905998003284781,6.690052383927833,18.279359314912284,0.004129887928117951,0.0038753936787784262
306.0,0.7361499073655304,5.834268476529505,6.570418383895036,18.367486589567225,0.004118204920302249,0.003866826076795814
306.5,0.6897207340730724,5.762949694970168,6.452670429043241,18.45618142314458,0.004106706096586254,0.0038583935443204085
307.0,0.6447886995301313,5.69203954054665,6.336828240076782,18.545436657046483,0.004095393382819997,0.0038500974936999154
307.5,0.6013758238404456,5.621536764561758,6.222912588402203,18.635245253854777,0.004084268807461152,0.0038419394125488006
308.0,0.5595042562014503,5.551441602515177,6.110945858716628,18.725600302617735,0.004073334556515295,0.0038339209040510174
308.5,0.5191962976611344,5.486871587764428,6.006067885425562,18.816554723093287,0.004063092566936089,0.003826410058220527
309.0,0.4804743477715969,5.445012807053335,5.925487154824932,18.90830239003766,0.004055223354963371,0.0038206392631369404
309.5,0.4433609115834436,5.403529029721057,5.846889941304501,19.000576029029894,0.004047547845830517,0.003815010519154702
310.0,0.40787854627191233,5.362759480783249,5.770638027055162,19.093373107754836,0.004040101369829605,0.0038095498385075583
310.5,0.3740498366186773,5.3228360579518,5.696885894570478,19.18668877569285,0.004032899013141647,0.003804268030062496
311.0,0.34189744178059467,5.28778359158746,5.629681033368055,19.280563716349615,0.004026336038414849,0.0037994550466120664
311.5,0.311443985168284,5.272115843212035,5.583559828380318,19.37516112473071,0.004021832014490265,0.003796152272427535
312.0,0.2827121149698586,5.269998547360834,5.552710662330693,19.470406816989883,0.004018819400618231,0.0037939429985995154
312.5,0.2557244103129075,5.2697672919396235,5.5254917022525305,19.566158662184634,0.004016161299048098,0.0037919936227484327
313.0,0.23050341550996123,5.269994102963947,5.500497518473908,19.66239409002613,0.004013720460788467,0.0037902036206542487
313.5,0.20707158259909964,5.270324299152956,5.477395881752056,19.75910314825896,0.004011464441577349,0.003788549174135933
314.0,0.18545131697599215,5.270654331024416,5.456105648000408,19.85627890657975,0.004009385317187539,0.003787024460094447
314.50000000000006,0.16566485272300957,5.270944865282414,5.436609718005423,19.953915272328796,0.004007481417773967,0.0037856282495105677
315.0,0.14773431276891813,5.2711773377181,5.4189116504870185,20.05200648270653,0.004005753090867872,0.003784360795348743
315.5,0.13168167010154042,5.271341268213357,5.403022938314898,20.150546954835452,0.0040042014588198135,0.0037832229197569656
316.0,0.1175286987009656,5.271429716178211,5.388958414879177,20.24953123069115,0.004002827970203044,0.0037822156845403816
316.5,0.10529698938058552,5.271437386516935,5.37673437589752,20.348953953707564,0.004001634216396242,0.0037813402564348913
317.0,0.09500789868587223,5.271359750716247,5.366367649402119,20.448809856430938,0.004000621840761925,0.0037805978404068757
317.5,0.08668254292889799,5.2711925994751185,5.3578751424040165,20.549093753719298,0.003999792494375392,0.003779989647140274
318.0,0.08034175345297179,5.270931806387514,5.351273559840486,20.64980053793371,0.003999147808578172,0.0037795168728842685
318.5,0.07600608615425664,5.27057319522245,5.346579281376707,20.750925175953096,0.003998689382946943,0.0037791806906166915
319.0,0.07369576358712093,5.270112471038654,5.343808234625776,20.852462706127422,0.003998418772912672,0.0037789822409566368
319.5,0.07343066480788085,5.269545179421995,5.342975844229876,20.95440823609609,0.003998337484788073,0.003778922628513004
320.0,0.075230322842327,5.268866693667289,5.344097016509616,21.056756941001012,0.003998446974268517,0.003779002920782052
320.5,0.07911382460227401,5.268072211179935,5.347186035782209,21.15950406064747,0.003998748636306856,0.003779224140720194
321.0,0.08509985058558245,5.267156761764123,5.352256612349706,21.262644898413537,0.003999243809799775,0.003779587270179315
321.5,0.09320663659173034,5.266115222012,5.35932185860373,21.366174819298777,0.00399993377525427,0.0037800932481945803
322.0,0.1034519190174179,5.264942333533183,5.368394252550601,21.470089247803994,0.004000819751225644,0.0037807429683716217
322.5,0.11585289095685924,5.263632728637178,5.379485619594037,21.574383666001047,0.00400190289253848,0.0037815372775814407
323.0,0.1304262377172032,5.2621809528003185,5.392607190517522,21.67905361246998,0.004003184295948976,0.003782476980112483
323.50000000000006,0.14718801844329388,5.26058149933417,5.407769517777464,21.784094679558926,0.004004664991970455,0.0037835628316757156
324.0,0.16615369281534642,5.258828840655071,5.424982533470418,21.88950251227491,0.00400634595053422,0.003784795543555782
324.5,0.18733805135251425,5.256917470707298,5.444255522059812,21.995272806156706,0.004008228078326153,0.0037861757806576927
325.0,0.2107551733197286,5.2548419511208495,5.465597124440578,22.101401305490505,0.00401031221918365,0.0037877041617978345
325.5,0.23641842127096213,5.252596977351858,5.48901539862282,22.207883802163682,0.004012599160021759,0.0037893812640497925
326.0,0.2643403507616302,5.250177459319308,5.514517810080938,22.31471613367522,0.004015089629890716,0.003791207622053206
326.5,0.29453271412890025,5.24757864543884,5.54211135956774,22.42189418272825,0.004017784312457786,0.003793183737167248
327.0,0.3270063702473509,5.244796310391909,5.5718026806392595,22.529413876447723,0.004020683855531177,0.0037953100844550247
327.5,0.36177128747263954,5.241827059394489,5.603598346867129,22.637271188024133,0.0040237889010612425,0.0037975871346849215
328.0,0.39883645434233816,5.238668860721282,5.6375053150636205,22.745462139924218,0.0040271001284241815,0.0038000153860727965
328.5,0.4382098236876901,5.235322002096959,5.673531825784649,22.85398281241951,0.004030618342361781,0.0038025954287727623
329.0,0.47989830149801005,5.231790870596778,5.711689172094788,22.96282936222945,0.004034344645712382,0.0038053280715499346
329.5,0.5239076266999425,5.228119214626769,5.752026841326712,23.07199843063472,0.0040382838712233115,0.0038082168584672297
330.0,0.570242427148024,5.225158973792955,5.795401400940979,23.18149611490167,0.004042519668060642,0.0038113231327503304
330.5,0.6189060179481136,5.222192986274254,5.841099004222368,23.291310219149604,0.0040469823246310896,0.0038145957722995234
331.0,0.6699004269592406,5.219285886905018,5.889186313864259,23.401437689278765,0.004051678350963306,0.0038180395515243575
331.5,0.7232262998199968,5.216444972071091,5.939671271891088,23.511874816476308,0.004056608522645614,0.003821655040739222
332.0,0.7788828978644258,5.213630255369464,5.992513153233889,23.622617352471682,0.004061768862620497,0.0038254393387023382
332.50000000000006,0.8368679054269257,5.211145908432081,6.048013813859006,23.73366507359598,0.0040671888490096675,0.0038294146762162
333.0,0.8971774947572784,5.209537297155805,6.106714791913083,23.845020577822766,0.004072921366397761,0.0038336185536172822
333.5,0.9598061249919927,5.207875144343826,6.167681269335819,23.956669255221858,0.004078875123958575,0.003837984550931748
334.0,1.0247465897642796,5.206246448479253,6.230993038243533,24.0686083572913,0.004085057913890969,0.0038425183477472026
334.5,1.091989855688146,5.2068917242022055,6.2988815798903515,24.180860265412075,0.004091687654286167,0.003847379924245586
335.0,1.1615249851015133,5.210713097395145,6.372238082496659,24.29343173481994,0.004098851375243814,0.0038526333572595902
335.5,1.233339130093809,5.215403135156842,6.448742265250651,24.40629205456682,0.004106322486840883,0.003858112213011406
336.0,1.3074173383236194,5.220256072464063,6.527673410787683,24.519429193733647,0.004114030606522234,0.0038637648761135597
336.5,1.3837425816682356,5.225696918954187,6.609439500622422,24.632844304093098,0.004122015576232658,0.003869620564102315
337.0,1.4622955503446282,5.232123139078504,6.694418689423133,24.74653819729492,0.004130314325138978,0.0038757063585500434
337.5,1.5430546952012114,5.239480359787614,6.782535054988825,24.860506391617236,0.004138919438963752,0.003882016822276071
338.0,1.6259960087451355,5.249056697793137,6.875052706538273,24.9747600486128,0.004147954365872877,0.003888642484608966
338.5,1.71109303232944,5.258996495486083,6.970089527815523,25.08927361337703,0.004157235305450734,0.0038954485575742465
339.0,1.7983167047273652,5.269010783445242,7.067327488172607,25.204039785501607,0.004166731200016855,0.0039024122653704262
339.5,1.8876352778178145,5.279008508458407,7.166643786276222,25.319053541789465,0.004176430057253537,0.00390952481356605
340.0,1.9790142576085241,5.288942237921173,7.267956495529697,25.434310333155956,0.004186323876516571,0.0039167803349786
340.5,2.072416289603761,5.298786195794703,7.371202485398464,25.5498058253639,0.004196406492714693,0.0039241743085076655
341.0,2.167801006337676,5.308525775466847,7.476326781804523,25.665535773347397,0.004206672537285598,0.003931702797178365
341.50000000000006,2.2651250510327747,5.31815236876966,7.583277419802434,25.781495959729572,0.004217116935527581,0.003939362079515155
342.0,2.3643418867623285,5.327660674802713,7.692002561565042,25.897682159883537,0.004227734625152835,0.003947148443146058
342.5,2.4654017259556062,5.337047211460015,7.802448937415621,26.014090122549074,0.004238520404044493,0.003955058073156999
343.0,2.5682514973490287,5.346309434223606,7.914560931572635,26.130715558099684,0.00424946884097389,0.0039630869866173184
343.5,2.6728346715162776,5.355445193358321,8.028279864874598,26.24755412924481,0.004260574205554159,0.003971230981212035
344.0,2.779091232276307,5.364452360732341,8.143543593008648,26.36460144556275,0.004271830429004749,0.003979485606468944
344.5,2.8869575820449036,5.37332857211782,8.260286154162724,26.481853058770255,0.0042832310697424525,0.003987846138525181
345.0,2.996366467358081,5.382071027211453,8.378437494569535,26.599304459073593,0.004294769286579055,0.003996307560472029
345.5,3.107246891782557,5.390676325175368,8.497923216957926,26.71695107197214,0.004306437814156046,0.004004864544340236
346.0,3.2195240997658523,5.3991403267679425,8.618664426533794,26.834788256397857,0.00431822894790369,0.004013511440069919
346.5,3.333119415987701,5.407458028824575,8.740577444812276,26.95281130152423,0.004330134516094948,0.004022242255016618
347.0,3.4479503204399475,5.4156234426282985,8.863573763068246,27.071015426596173,0.004342145875299633,0.004031050650617662
347.5,3.563930295005018,5.4236294836621886,8.987559778667206,27.189395778464185,0.004354253884635469,0.004039929923509462
348.0,3.6809688873792643,5.431467855906924,9.112436743286189,27.307947431843704,0.004366448900711541,0.004048873001819351
348.5,3.798971597652672,5.439128941554091,9.238100539206762,27.426665387833033,0.004378720755781909,0.004057872429144782
349.0,3.9178399253128813,5.446601688945974,9.364441614258855,27.545544574561468,0.004391058751392465,0.0040669203598943235
349.5,4.037471366322725,5.453873495846339,9.491344862169065,27.66457984749246,0.004403451646696197,0.004076008550718786
350.0,4.157759400191596,5.46093009835618,9.618689498547777,27.783765989979095,0.004415887646342556,0.004085128351630029
350.50000000000006,4.278593576889216,5.467755451459925,9.74634902834914,27.903097715203266,0.00442835439729972,0.0040942707036706015
351.0,4.399859505020962,5.474331613994977,9.87419111901594,28.02256966734044,0.0044408389764664,0.004103426129828996
351.5,4.5214389782525455,5.480638629718587,10.002077607971133,28.14217642462757,0.00445332789140343,0.00411258473557616
352.0,4.643210042618201,5.4866544126333885,10.129864455251589,28.261912502134443,0.004465807075708162,0.004121736205473351
352.5,4.765047083813975,5.492354627979599,10.257401711793573,28.3817723550674,0.00447826188591734,0.004130869800900903
353.0,4.886821030737469,5.497712582262113,10.384533612999583,28.501750383887863,0.0044906771106444894,0.00413997436675902
353.5,5.0083994668697684,5.502699112635098,10.511098579504868,28.621840938702185,0.004503036970654771,0.004149038331522676
354.0,5.129646840237115,5.507282485771216,10.636929326008332,28.742038325265113,0.004515325129493,0.004158049715035551
354.5,5.250424684030888,5.5114283000024455,10.761852984033332,28.862336811492177,0.004527524705472004,0.00416699613730156
355.0,5.37059189556164,5.515099402202057,10.885691297763696,28.982730635161996,0.004539618290797235,0.004175864832509669
355.5,5.49000495171073,5.518255816059658,11.008260767770388,29.103214011333208,0.004551587965602576,0.004184642659326903
356.0,5.608518375438185,5.520854682489795,11.12937305792798,29.223781143136616,0.004563415337688278,0.00419331613003971
356.5,5.725984905098514,5.522850227078637,11.24883513217715,29.344426229692246,0.004575081555876674,0.0042018714203482296
357.0,5.842256062992807,5.524193742092754,11.366449805085562,29.465143479103013,0.004586567363777887,0.00421029440879477
357.5,5.957182510749882,5.524833600187861,11.482016110937742,29.585927119538955,0.0045978531358337625,0.004218570703196223
358.0,6.070614537170886,5.524715298024593,11.595329835195479,29.706771412379222,0.004608918929218307,0.0042266856787046645
358.5,6.182402620325396,5.523781534291774,11.70618415461717,29.827670666732132,0.0046197445463493315,0.004234624523649574
359.0,6.292397954500693,5.521972333265684,11.814370287766376,29.948619254123635,0.004630309598414684,0.004242372286124082
359.50000000000006,6.400453096025184,5.519225204728997,11.919678300754182,30.069611624975174,0.004640593584058025,0.0042499139316883
