design,case,peak_crank_deg,ideal_ratio_nm,gear_loss_nm,coupling_load_loss_nm,coupling_preload_loss_nm,other_bearing_loss_nm,input_bearing_pair_nm,total_required_nm,net_2x_target_nm,gross_target_nm
A,low,11.0,0.00034780541462086896,3.757454617787784e-05,1.4124619906591697e-05,7.039767590561793e-07,9.57057265789714e-05,0.0002,0.000695914284043366,0.000991828568086732,0.0011918285680867322
A,nominal,191.5,0.0005198646168111148,0.00012194355209149602,4.883591124593844e-05,0.00010126648981595216,0.0003161237685816101,0.0006,0.0017080343385461115,0.0022160686770922233,0.002816068677092223
A,high,31.5,0.0009239325769234588,0.0005197120745194454,0.00021054381930472586,0.0007290532605266157,0.0012963917140966343,0.002,0.005679633445370881,0.007359266890741761,0.009359266890741761
B,low,11.0,4.4008860068662024e-05,7.320908199204462e-06,1.8812951902697984e-06,9.485160543072732e-08,5.677320371413064e-05,0.0002,0.00031007911877769764,0.00022015823755539525,0.0004201582375553953
B,nominal,203.0,6.970580547190906e-05,2.591258337844629e-05,7.27571161856645e-06,1.4402345218268753e-05,0.00018421908412419947,0.0006,0.0009015155298113899,0.00060303105962278,0.00120303105962278
B,high,32.5,0.00012490974635537174,0.00011905460199496363,3.5580214026027364e-05,0.00011664852168425851,0.0007324226742554613,0.002,0.0031286157583160826,0.002257231516632165,0.004257231516632165
C,low,10.0,0.00020896181174248824,2.2574821767194038e-05,8.486084580002166e-06,4.5054512579595476e-07,6.967271764212062e-05,0.0002,0.000510145980857601,0.0006202919617152021,0.0008202919617152021
C,nominal,190.5,0.00030758774646723265,7.215021213428912e-05,2.8894691812175727e-05,6.481055348220939e-05,0.0002289858785588971,0.0006,0.001302429082454804,0.001404858164909608,0.002004858164909608
C,high,30.5,0.0005367874490895306,0.00030194294011286085,0.00012232199893035434,0.00046659408673703403,0.000929690697021846,0.002,0.004357337171891626,0.004714674343783252,0.006714674343783252
