crank_deg,potential_rate_Nmm,ground_slip_rate_Nmm,wind_force_rate_Nmm
0.000000000000000000e+00,1.477225692087827369e+01,3.698321078895408509e-01,2.428714332126352460e+00
5.000000000000000000e-01,1.493853473668642806e+01,3.699442693486825751e-01,2.442763084993234468e+00
1.000000000000000000e+00,1.508950372718535249e+01,3.716252396816618342e-01,2.456890973305868808e+00
1.500000000000000222e+00,1.522475630366851718e+01,3.765635639352340469e-01,2.471092638387391016e+00
2.000000000000000000e+00,1.534392891910114187e+01,3.829072108480298109e-01,2.485362059947712421e+00
2.500000000000000000e+00,1.544670499483791382e+01,3.901072759085492669e-01,2.499692751255356615e+00
3.000000000000000444e+00,1.553281758656819456e+01,3.977326575762705763e-01,2.514077946739682545e+00
3.500000000000000000e+00,1.560205173750878949e+01,4.055380942409287925e-01,2.528510818153453243e+00
4.000000000000000000e+00,1.565424646949591470e+01,4.134008798262425732e-01,2.542984747452650574e+00
4.500000000000000000e+00,1.568929636355292701e+01,4.212586570600307390e-01,2.557493610464883549e+00
5.000000000000000000e+00,1.570715268441559864e+01,4.290817039849177950e-01,2.572031940328955102e+00
5.500000000000000000e+00,1.570782400971075354e+01,4.368600107747534489e-01,2.586594857473535569e+00
6.000000000000000888e+00,1.569137633004696042e+01,4.445948688780186342e-01,2.601177799790210354e+00
6.500000000000000000e+00,1.565793259341497468e+01,4.522925969532087809e-01,2.615776210387140477e+00
7.000000000000000000e+00,1.560767167762656094e+01,4.599604639995188982e-01,2.630385316768374615e+00
7.499999999999999112e+00,1.554082678328778044e+01,4.676046419108310648e-01,2.645000032661830591e+00
8.000000000000000000e+00,1.545768325202275406e+01,4.752295296145663261e-01,2.659614946534573310e+00
8.500000000000000000e+00,1.535857582515104625e+01,4.828377742165536057e-01,2.674224351424769441e+00
9.000000000000000000e+00,1.524388537048916348e+01,4.904305497415921145e-01,2.688822286637325476e+00
9.500000000000000000e+00,1.511403511660638799e+01,4.980078773317247465e-01,2.703402577803316831e+00
1.000000000000000000e+01,1.496948644462585776e+01,5.055689049768739007e-01,2.717958871131563647e+00
1.050000000000000000e+01,1.481073429839653244e+01,5.131121278908173933e-01,2.732484661716361618e+00
1.100000000000000000e+01,1.463830228162611569e+01,5.206355545238666727e-01,2.746973317070088072e+00
1.150000000000000000e+01,1.445273751896777448e+01,5.281368296266237827e-01,2.761418097192168908e+00
1.200000000000000178e+01,1.425460536224832708e+01,5.356133255420808537e-01,2.775812172247483556e+00
1.250000000000000000e+01,1.404448402612620761e+01,5.430622107143076027e-01,2.790148638642249601e+00
1.300000000000000000e+01,1.382295923845750707e+01,5.504805021163573509e-01,2.804420534021297762e+00
1.350000000000000000e+01,1.359061898834263005e+01,5.578651064493999057e-01,2.818620851552646300e+00
1.400000000000000000e+01,1.334804845137368545e+01,5.652128534440046259e-01,2.832742553689155063e+00
1.450000000000000178e+01,1.309582516588374190e+01,5.725205236507424633e-01,2.846778585541944739e+00
1.499999999999999822e+01,1.283451452524448655e+01,5.797848723414329442e-01,2.860721887915889106e+00
1.550000000000000000e+01,1.256466564271278052e+01,5.870026506205734407e-01,2.874565410006059363e+00
1.600000000000000000e+01,1.228680763534751996e+01,5.941706245250865104e-01,2.888302121777301945e+00
1.650000000000000000e+01,1.200144636155887490e+01,6.012855926308530163e-01,2.901925025970236049e+00
1.700000000000000000e+01,1.170906163620850116e+01,6.083444024947383122e-01,2.915427169720514300e+00
1.750000000000000000e+01,1.141010493610589904e+01,6.153439661562137841e-01,2.928801655755060462e+00
1.800000000000000000e+01,1.110499759726878999e+01,6.222812748306629782e-01,2.942041653122065448e+00
1.850000000000000000e+01,1.079412949654789777e+01,6.291534128700289052e-01,2.955140407439728278e+00
1.900000000000000000e+01,1.047785820066723872e+01,6.359575710174096841e-01,2.968091250627733935e+00
1.950000000000000000e+01,1.015650855747165870e+01,6.426910589422190068e-01,2.980887610112961106e+00
2.000000000000000000e+01,9.830372699848126672e+00,6.493513170566567183e-01,2.993523017493508576e+00
2.050000000000000000e+01,9.499710425530983215e+00,6.559359275525159516e-01,3.005991116655591711e+00
2.100000000000000000e+01,9.164749913890878119e+00,6.624426246323059653e-01,3.018285671333527986e+00
2.150000000000000000e+01,8.825688738592436522e+00,6.688693038529648360e-01,3.030400572131756398e+00
2.200000000000000000e+01,8.482695133260026665e+00,6.752140305758217442e-01,3.042329843001644107e+00
2.250000000000000000e+01,8.135909468372231501e+00,6.814750474266645375e-01,3.054067647193579482e+00
2.300000000000000000e+01,7.785445897332134102e+00,6.876507807111505999e-01,3.065608292682366898e+00
2.350000000000000000e+01,7.431394133321179929e+00,6.937398457964767395e-01,3.076946237083138858e+00
2.400000000000000355e+01,7.073821319573623256e+00,6.997410513505163410e-01,3.088076092088837488e+00
2.450000000000000000e+01,6.712773958783031070e+00,7.056534024284957241e-01,3.098992627411716771e+00
2.500000000000000000e+01,6.348279871677473096e+00,7.114761024064333306e-01,3.109690774258754065e+00
2.550000000000000000e+01,5.980350156780221305e+00,7.172085537185145521e-01,3.120165628353943621e+00
2.600000000000000000e+01,5.608981127763057906e+00,7.228503573870814769e-01,3.130412452517510769e+00
2.650000000000000000e+01,5.234156208056188753e+00,7.284013113896670166e-01,3.140426678798558857e+00
2.700000000000000000e+01,4.855847765752883127e+00,7.338614078365799376e-01,3.150203910189930845e+00
2.750000000000000000e+01,4.474018874387341249e+00,7.392308290219244959e-01,3.159739921932933626e+00
2.800000000000000000e+01,4.088624989007426436e+00,7.445099423730998645e-01,3.169030662391379316e+00
2.850000000000000355e+01,3.699615529373966982e+00,7.496992943423858025e-01,3.178072253546794013e+00
2.900000000000000355e+01,3.306935363720768351e+00,7.547996033257790005e-01,3.186860991096285733e+00
2.950000000000000355e+01,2.910526189948695386e+00,7.598117516455705767e-01,3.195393344159799032e+00
2.999999999999999645e+01,2.510327811726501768e+00,7.647367766967297920e-01,3.203665954623959866e+00
3.050000000000000000e+01,2.106279309641695185e+00,7.695758613353722577e-01,3.211675636122640398e+00
3.100000000000000000e+01,1.698320108365487080e+00,7.743303235753284941e-01,3.219419372665728307e+00
3.150000000000000000e+01,1.286390941238794605e+00,7.790016057023522178e-01,3.226894316940128959e+00
3.200000000000000000e+01,8.704347325241161837e-01,7.836199748282330901e-01,3.234096805399556018e+00
3.250000000000000000e+01,4.503973029777457171e-01,7.881265728463306974e-01,3.241026408233251388e+00
3.300000000000000000e+01,2.622813088027721451e-02,7.925272919329389154e-01,3.247680583472046578e+00
3.350000000000000000e+01,-4.021190545193205623e-01,7.968827608431361398e-01,3.254055165221011237e+00
3.400000000000000000e+01,-8.346858426776071482e-01,8.011636972923981137e-01,3.260149168175500378e+00
3.450000000000000000e+01,-1.271508641107848003e+00,8.053720377925955853e-01,3.265960704563134254e+00
3.500000000000000000e+01,-1.712618326840889216e+00,8.095097576962868580e-01,3.271488035401117767e+00
3.550000000000000000e+01,-2.158039947547059079e+00,8.135788585889177638e-01,3.276729566753865619e+00
3.600000000000000000e+01,-2.607792483483712509e+00,8.175813557994771053e-01,3.281683845834325375e+00
3.650000000000000000e+01,-3.061888665161611733e+00,8.215192660808772196e-01,3.286349556966346341e+00
3.700000000000000000e+01,-3.520334841857845731e+00,8.253945954878532110e-01,3.290725517430515890e+00
3.750000000000000000e+01,-3.983130896324446724e+00,8.292093275239221795e-01,3.294810673211212126e+00
3.800000000000000000e+01,-4.450270201380587487e+00,8.329654115983153861e-01,3.298604094673694753e+00
3.850000000000000000e+01,-4.921739613880823150e+00,8.366647518111722803e-01,3.302104972183803611e+00
3.900000000000000000e+01,-5.397519502424698246e+00,8.403091961095630058e-01,3.305312611684287916e+00
3.950000000000000000e+01,-5.877583804690996061e+00,8.439005258594676206e-01,3.308226430262642737e+00
4.000000000000000000e+01,-6.361900111217933862e+00,8.474404458291696640e-01,3.310845951709775026e+00
4.050000000000000000e+01,-6.850429772150916641e+00,8.509305746358384326e-01,3.313170802091567335e+00
4.100000000000000000e+01,-7.343128023844291086e+00,8.543724356613421334e-01,3.315200705345677790e+00
4.150000000000000000e+01,-7.839944133115427150e+00,8.577674484652129117e-01,3.316935478924176728e+00
4.200000000000000000e+01,-8.340821555529476683e+00,8.611169207113373858e-01,3.318375029483387806e+00
4.250000000000000000e+01,-8.845698106060298826e+00,8.644220406031332127e-01,3.319519348633754863e+00
4.300000000000000000e+01,-9.354506140238578737e+00,8.676838698806172978e-01,3.320368508767561622e+00
4.350000000000000000e+01,-9.867172742947101227e+00,8.709033373541741341e-01,3.320922658961309004e+00
4.400000000000000000e+01,-1.038361992353440577e+01,8.740812330159303256e-01,3.321182020970121940e+00
4.450000000000000000e+01,-1.090376481569651013e+01,8.772182027111075087e-01,3.321146885315929165e+00
4.500000000000000000e+01,-1.142751988056341972e+01,8.803147433837802405e-01,3.320817607474030542e+00
4.550000000000000000e+01,-1.195479311176582549e+01,8.833711989447485813e-01,3.320194604160242147e+00
4.600000000000000000e+01,-1.248548824086656950e+01,8.863877566933453522e-01,3.319278349738464584e+00
4.650000000000000000e+01,-1.301950494275302361e+01,8.893644443562286339e-01,3.318069372729024025e+00
4.700000000000000000e+01,-1.355673903976581585e+01,8.923011277303196653e-01,3.316568252434821229e+00
4.750000000000000000e+01,-1.409708270354770399e+01,8.951975089163624055e-01,3.314775615683971832e+00
4.800000000000000711e+01,-1.464042465431302453e+01,8.980531251730374809e-01,3.312692133687008322e+00
4.850000000000000000e+01,-1.518665035662573182e+01,9.008673483584068720e-01,3.310318519020916117e+00
4.900000000000000000e+01,-1.573564221120405371e+01,9.036393849699255743e-01,3.307655522714744389e+00
4.950000000000000000e+01,-1.628727974251724220e+01,9.063682767905352211e-01,3.304703931464790134e+00
5.000000000000000000e+01,-1.684143978141881348e+01,9.090529021346220873e-01,3.301464564968298987e+00
5.050000000000000000e+01,-1.739799664292053194e+01,9.116919776569569756e-01,3.297938273358877126e+00
5.100000000000000000e+01,-1.795682229865114010e+01,9.142840607439854939e-01,3.294125934769905228e+00
5.150000000000000000e+01,-1.851778654351783260e+01,9.168275525006613913e-01,3.290028453002825426e+00
5.200000000000000000e+01,-1.908075715715670384e+01,9.193207012645121523e-01,3.285646755299864719e+00
5.250000000000000711e+01,-1.964560005939052800e+01,9.217616066726336266e-01,3.280981790234103634e+00
5.300000000000000000e+01,-2.010603691933462045e+01,9.265087476115010379e-01,3.145342099603654962e+00
5.350000000000000000e+01,-2.017932314337936717e+01,1.349883094303408360e+00,2.795580414092440957e+00
5.400000000000000000e+01,-2.005853876460976792e+01,2.419921203607355409e+00,2.579930703759096389e+00
5.450000000000000000e+01,-2.003558102337395397e+01,3.437159014968993898e+00,2.581375718869418190e+00
5.500000000000000000e+01,-2.004805729468551689e+01,4.425920319491125632e+00,2.595496602085003435e+00
5.550000000000000000e+01,-2.034218240879683037e+01,5.463712287780871257e+00,2.903360126809832131e+00
5.600000000000000000e+01,-2.045834715791769653e+01,7.190854161614497642e+00,3.195001626252284677e+00
5.650000000000000000e+01,-2.015297410893508712e+01,8.815084944045839421e+00,3.189407006559136004e+00
5.700000000000000711e+01,-1.987233164211533065e+01,1.039446211554093047e+01,3.183641122496969622e+00
5.750000000000000000e+01,-1.961512596258508978e+01,1.192992113959691203e+01,3.177703618657214957e+00
5.800000000000000711e+01,-1.938009332038002341e+01,1.342238712850496007e+01,3.171594166456548791e+00
5.850000000000000000e+01,-1.916600072168397872e+01,1.487277424061286268e+01,3.165312487799454733e+00
5.900000000000000711e+01,-1.897164646797423160e+01,1.628198545334745262e+01,3.158858384980886225e+00
5.950000000000000000e+01,-1.879586054404712669e+01,1.765091290156987824e+01,3.152231785940997622e+00
5.999999999999999289e+01,-1.863750486969734865e+01,1.898043915085327882e+01,3.145432814426464496e+00
6.050000000000000000e+01,-1.849547342852132914e+01,2.027144017852467783e+01,3.138461899082088280e+00
6.100000000000000000e+01,-1.836869228700261303e+01,2.152479184808735369e+01,3.131319931633427256e+00
6.150000000000000711e+01,-1.825611951577333159e+01,2.274138473925253834e+01,3.124008399172968797e+00
6.200000000000000000e+01,-1.815674502364319309e+01,2.392216550335703573e+01,3.116528610384908138e+00
6.250000000000000711e+01,-1.806959031502646340e+01,2.506833949180499488e+01,3.108869331490416332e+00
6.300000000000000000e+01,-1.799370817996438987e+01,2.618439883849983119e+01,3.100816842323660616e+00
6.350000000000000711e+01,-1.792818232522402155e+01,2.728274833880148265e+01,3.091900889637404060e+00
6.400000000000000000e+01,-1.787212695469378332e+01,2.835226466691398883e+01,3.082497934323755295e+00
6.450000000000000000e+01,-1.782468630628005357e+01,2.939786860482020359e+01,3.072502059138239261e+00
6.500000000000000000e+01,-1.778503415168825441e+01,3.042249697571078570e+01,3.062335621555918763e+00
6.550000000000000000e+01,-1.773121827936673967e+01,3.142250043349747557e+01,3.040298532643621598e+00
6.600000000000000000e+01,-1.739673300828910385e+01,3.261135740150777451e+01,2.959881807446391289e+00
6.650000000000000000e+01,-1.677957873806963107e+01,3.476245630436607570e+01,2.887145762269374583e+00
6.700000000000000000e+01,-1.614974087740527153e+01,3.683023969158490019e+01,2.876406693474610865e+00
6.750000000000000000e+01,-1.553359886307321069e+01,3.883735511307791910e+01,2.865239437893598140e+00
6.800000000000000000e+01,-1.492988640226123209e+01,4.078605219605947241e+01,2.852217350267411522e+00
6.850000000000000000e+01,-1.433738920424937469e+01,4.267571025958002195e+01,2.832439554776824853e+00
6.900000000000000000e+01,-1.375494369646650306e+01,4.449550603119778458e+01,2.816817374496378701e+00
6.950000000000000000e+01,-1.318143574432490084e+01,4.625271760902197116e+01,2.801566789426976012e+00
7.000000000000000000e+01,-1.261579937883228908e+01,4.794892185823221098e+01,2.786167407187985390e+00
7.050000000000000000e+01,-1.205701553590258968e+01,4.958513630730741539e+01,2.770491193524073914e+00
7.100000000000000000e+01,-1.150411081096105370e+01,5.116227002898772014e+01,2.754472579048066194e+00
7.150000000000000000e+01,-1.095615623151435258e+01,5.268125462453398455e+01,2.738057065056980210e+00
7.200000000000000000e+01,-1.041226605013487116e+01,5.414302859876075047e+01,2.721183707671137153e+00
7.250000000000000000e+01,-9.871596559930541304e+00,5.554815191461221247e+01,2.703771750607465663e+00
7.300000000000000000e+01,-9.333344934597668896e+00,5.689686863809367878e+01,2.685699584304216625e+00
7.350000000000000000e+01,-8.796748094020786723e+00,5.818946098396709488e+01,2.666750592851617085e+00
7.400000000000000000e+01,-8.261081596605057698e+00,5.942637274548924609e+01,2.646360635913179049e+00
7.450000000000000000e+01,-7.725658559761195754e+00,6.062119276927083433e+01,2.609272675085990034e+00
7.500000000000000000e+01,-7.189828608634141638e+00,6.229031468619598400e+01,1.658022556893656629e+00
7.550000000000000000e+01,-6.652976853557475145e+00,6.298216758512078428e+01,8.749131606754287915e-01
7.600000000000000000e+01,-6.114522896871937618e+00,6.288670799561725744e+01,2.477389505184803831e-01
7.650000000000000000e+01,-5.573919868938693511e+00,6.217862557513464594e+01,-3.487402507867016777e-01
7.700000000000000000e+01,-5.030653493125873510e+00,6.088325832113564928e+01,-1.021951052142462402e+00
7.750000000000000000e+01,-4.484241179989855830e+00,5.853809975840982105e+01,-1.116642059347640714e+00
7.800000000000000000e+01,-3.934231149973862252e+00,5.608111676821555847e+01,-1.093448480182069638e+00
7.850000000000000000e+01,-3.380201418444408912e+00,5.365796244398308090e+01,-1.064186335729859323e+00
7.900000000000000000e+01,-2.821759607547404070e+00,5.127681236067625292e+01,-1.033380722877390578e+00
7.950000000000000000e+01,-2.258541410403070326e+00,4.893973319738192629e+01,-1.002084488926268557e+00
8.000000000000000000e+01,-1.690209769249803706e+00,4.664740271884051026e+01,-9.706945710214075485e-01
8.050000000000000000e+01,-1.116454902098541702e+00,4.440003417966867261e+01,-9.394023619394457070e-01
8.100000000000000000e+01,-5.369930066867574237e-01,4.219764024413493786e+01,-9.083148079894423077e-01
8.150000000000000000e+01,4.843429376571262851e-02,4.004007754430104882e+01,-8.774844555165074445e-01
8.200000000000000000e+01,6.400606202900878117e-01,3.792709441799522097e+01,-8.469323829431106843e-01
8.250000000000000000e+01,1.238095485416508268e+00,3.585839308813635284e+01,-8.166660312216501572e-01
8.300000000000000000e+01,1.842724919291210295e+00,3.383366717024167514e+01,-7.866875650968149225e-01
8.350000000000000000e+01,2.454112075105949309e+00,3.185261823061670938e+01,-7.569970015511108263e-01
8.400000000000000000e+01,3.072397814973066854e+00,2.991496267865909431e+01,-7.275933809594219426e-01
8.450000000000000000e+01,3.697701277496848959e+00,2.802043469548519283e+01,-6.984752489655026153e-01
8.500000000000000000e+01,4.330120427575300468e+00,2.616878748552134937e+01,-6.696408820164491127e-01
8.550000000000000000e+01,4.969732589826288738e+00,2.435979376606147895e+01,-6.410884109405238229e-01
8.600000000000000000e+01,5.616594966523927646e+00,2.259324588308702175e+01,-6.128159037988638591e-01
8.650000000000000000e+01,6.270745140800800144e+00,2.086895572982896141e+01,-5.848214368005772990e-01
8.700000000000000000e+01,6.932201566549052174e+00,1.918675455346601666e+01,-5.571031715876717527e-01
8.750000000000000000e+01,7.600964045775947753e+00,1.754649269172583814e+01,-5.296594568288910398e-01
8.800000000000000000e+01,8.299643727377009839e+00,1.595391212410595472e+01,-5.276439443380098737e-01
8.850000000000000000e+01,9.050118555982743729e+00,1.505573567296581849e+01,-7.116702905227293430e-01
8.900000000000000000e+01,9.338745911608270944e+00,1.441570849336223148e+01,-7.357181927055419512e-01
8.950000000000000000e+01,9.147331056712339148e+00,1.352337276001183142e+01,-5.540668264336988669e-01
9.000000000000000000e+01,8.983584865746653492e+00,1.302391686294308037e+01,-5.129601053435992597e-01
9.050000000000000000e+01,8.843325366075484695e+00,1.249896363327565041e+01,-4.863861019980356692e-01
9.100000000000000000e+01,8.709306488251144174e+00,1.198430883096711241e+01,-4.601143977045142330e-01
9.150000000000000000e+01,8.581401349063273898e+00,1.147995663612259598e+01,-4.341414390498196663e-01
9.200000000000000000e+01,8.459482134522014363e+00,1.098591475740596657e+01,-4.084636459943845055e-01
9.250000000000000000e+01,8.343420191858566426e+00,1.050219437214030371e+01,-3.830774152983096315e-01
9.300000000000000000e+01,8.233086119480448772e+00,1.002881006666235209e+01,-3.579791239483093856e-01
9.350000000000000000e+01,8.128349855702145632e+00,9.565779776827922021e+00,-3.331651325691220022e-01
9.400000000000000000e+01,8.029080766720170459e+00,9.113124728548706699e+00,-3.086317887859931774e-01
9.450000000000000000e+01,7.935147733962798711e+00,8.670869378292762164e+00,-2.843754305153906037e-01
9.500000000000000000e+01,7.846419241283476786e+00,8.239041353371996834e+00,-2.603923891655575695e-01
9.550000000000000000e+01,7.762763462089084854e+00,7.817671392011267706e+00,-2.366789927234049240e-01
9.600000000000001421e+01,7.684048347432248072e+00,7.406793283045712606e+00,-2.132315687158350126e-01
9.650000000000000000e+01,7.610141714546577951e+00,7.006443805194338736e+00,-1.900464470410686835e-01
9.700000000000000000e+01,7.540911336424116485e+00,6.616662665850142844e+00,-1.671199618459816016e-01
9.750000000000000000e+01,7.476225033138481635e+00,6.237492439364071828e+00,-1.444484568033904681e-01
9.800000000000000000e+01,7.415950764666169981e+00,5.868978504613025393e+00,-1.220282838717209606e-01
9.850000000000000000e+01,7.359956725492644125e+00,5.511168981941833245e+00,-9.985580774032072615e-02
9.900000000000000000e+01,7.308111441628505567e+00,5.164114669419128667e+00,-7.792740745826895465e-02
9.950000000000000000e+01,7.260283870009722307e+00,4.827868978241844466e+00,-5.623947842534152142e-02
1.000000000000000000e+02,7.216343500386109611e+00,4.502487867351545603e+00,-3.478843427389081977e-02
1.005000000000000142e+02,7.176160460336429736e+00,4.188029777179503199e+00,-1.357070863644640329e-02
1.010000000000000000e+02,7.139605623175598659e+00,3.884555562455563216e+00,7.417243193441922650e-03
1.015000000000000000e+02,7.106550719105767300e+00,3.592128424060158309e+00,2.817894269575180188e-02
1.020000000000000000e+02,7.076868450054186965e+00,3.310813839844046313e+00,4.871788665467978452e-02
1.025000000000000000e+02,7.050432607859160150e+00,3.040679494379028291e+00,6.903754578253619434e-02
1.030000000000000000e+02,7.027118196364264158e+00,2.781795207583833918e+00,8.914136343303517840e-02
1.035000000000000000e+02,7.006801557446881823e+00,2.534232862108327655e+00,1.090327544152697309e-01
1.040000000000000000e+02,6.989360501046199659e+00,2.298066329438601674e+00,1.287151039118385187e-01
1.045000000000000000e+02,6.974674439412134497e+00,2.073371394581136062e+00,1.481917665169764087e-01
1.050000000000000142e+02,6.962624525770592321e+00,1.860225679157646583e+00,1.674660654241195701e-01
1.055000000000000000e+02,6.953093797300853751e+00,1.658708562746320725e+00,1.865412917735281562e-01
1.060000000000000000e+02,6.945967322307826208e+00,1.468901102185045771e+00,2.054207039845478977e-01
1.065000000000000000e+02,6.941132352631377955e+00,1.290885948448870835e+00,2.241075291248029455e-01
1.070000000000000000e+02,6.938478480263566617e+00,1.124747260497497292e+00,2.426049601081362306e-01
1.075000000000000000e+02,6.937514290831923169e+00,9.702908419295432907e-01,2.611432956061178756e-01
1.080000000000000000e+02,6.364224946158349105e+00,4.790232903145296151e-01,5.749955414104784834e-01
1.085000000000000000e+02,5.640822420695172035e+00,1.330423737367454617e-01,8.870105076216234785e-01
1.090000000000000000e+02,5.341943562951406932e+00,1.326066763501907442e-01,9.026093495567151237e-01
1.095000000000000142e+02,5.046436263290281055e+00,1.322061493112417219e-01,9.180148930874481028e-01
1.100000000000000000e+02,4.754304551316005600e+00,1.318587425403943969e-01,9.332296032931618468e-01
1.105000000000000000e+02,4.465555634638958438e+00,1.315710620619734150e-01,9.482574099146122704e-01
1.110000000000000000e+02,4.180199155067604977e+00,1.313516990926365258e-01,9.631020103953281675e-01
1.115000000000000000e+02,3.898247148600884948e+00,1.312119707175810890e-01,9.777667733349704182e-01
1.120000000000000000e+02,3.619714006058948996e+00,1.311666890575911570e-01,9.922546685657798182e-01
1.125000000000000000e+02,3.344616434925462567e+00,1.312347846136574514e-01,1.006568228104234297e+00
1.130000000000000000e+02,3.072973422271189303e+00,1.314395759686415865e-01,1.020709519715863101e+00
1.135000000000000000e+02,2.804806198328957390e+00,1.318084766515618400e-01,1.034680101443917311e+00
1.140000000000000142e+02,2.540138201110829552e+00,1.323719421282006647e-01,1.048480937949763714e+00
1.145000000000000000e+02,2.278995042119583037e+00,1.331614849615228857e-01,1.062112301141229453e+00
1.150000000000000000e+02,2.021404472568271160e+00,1.342066699202203728e-01,1.075573734399209780e+00
1.154999999999999858e+02,1.767396350394458082e+00,1.355312241321847966e-01,1.088864200834961826e+00
1.160000000000000142e+02,1.517002608251526663e+00,1.371488249656274971e-01,1.101982513716214029e+00
1.165000000000000000e+02,1.270257222060166002e+00,1.390596891004043378e-01,1.114928018160734391e+00
1.170000000000000000e+02,1.027196180015826243e+00,1.412494005509418726e-01,1.127701291391959737e+00
1.175000000000000000e+02,7.878574524690180603e-01,1.436908945508021673e-01,1.140304522738025517e+00
1.180000000000000142e+02,5.522809621182735995e-01,1.463490934879789485e-01,1.152741387379407012e+00
1.185000000000000142e+02,3.205085545939345137e-01,1.491863869224569483e-01,1.165016539125759865e+00
1.190000000000000000e+02,9.258396956304146275e-02,1.521670829480570863e-01,1.177135023036365524e+00
1.195000000000000000e+02,-1.314471879312802682e-01,1.552599711547880679e-01,1.189101836701194070e+00
1.199999999999999858e+02,-3.515374760262146014e-01,1.584391796057424695e-01,1.200921700335206843e+00
1.205000000000000142e+02,-5.676376443872077626e-01,1.616839565345323804e-01,1.212598987195322664e+00
1.210000000000000000e+02,-7.796966623995910117e-01,1.649779630432862687e-01,1.224137742338848645e+00
1.215000000000000000e+02,-9.876617477380015275e-01,1.683084482477614496e-01,1.235541736222956155e+00
1.220000000000000000e+02,-1.191478394766446458e+00,1.716654873295809791e-01,1.246814523865966695e+00
1.225000000000000142e+02,-1.391090403342219561e+00,1.750413457932310790e-01,1.257959497155680229e+00
1.230000000000000142e+02,-1.586439908180004466e+00,1.784299756891373212e-01,1.268979926823424087e+00
1.235000000000000000e+02,-1.777467408255058112e+00,1.818266268475001723e-01,1.279878994507377632e+00
1.240000000000000000e+02,-1.964111797222545475e+00,1.852275507364335716e-01,1.290659816637454105e+00
1.244999999999999858e+02,-2.146310394449168601e+00,1.886297758954399439e-01,1.301325461989810028e+00
1.250000000000000142e+02,-2.323998976839474651e+00,1.920309375545279085e-01,1.311878964540992953e+00
1.255000000000000000e+02,-2.497111811769509249e+00,1.954291479418244770e-01,1.322323332884386415e+00
1.260000000000000000e+02,-2.665581691179919499e+00,1.988228970284641461e-01,1.332661557142462927e+00
1.265000000000000000e+02,-2.829339966906672554e+00,2.022109760613808038e-01,1.342896614086769302e+00
1.270000000000000142e+02,-2.988316587366645738e+00,2.055924182544437429e-01,1.353031470949322967e+00
1.275000000000000142e+02,-3.142440136379728965e+00,2.089664524266371670e-01,1.363069088283444419e+00
1.280000000000000000e+02,-3.291637873228548283e+00,2.123324664873333656e-01,1.373012422143505606e+00
1.285000000000000000e+02,-3.435835774971952805e+00,2.156899784701648004e-01,1.382864425747269754e+00
1.290000000000000000e+02,-3.574958580934107122e+00,2.190386133728034201e-01,1.392628050772195314e+00
1.295000000000000000e+02,-3.708929839629732328e+00,2.223780845049237453e-01,1.402306248372186204e+00
1.300000000000000000e+02,-3.837671958190637778e+00,2.257081783391211849e-01,1.411901969974322490e+00
1.305000000000000000e+02,-3.961106254645288427e+00,2.290287421598863338e-01,1.421418167927479992e+00
1.310000000000000000e+02,-4.079153013220762070e+00,2.323396738745122647e-01,1.430857796020914119e+00
1.315000000000000000e+02,-4.191731542953704981e+00,2.356409135722120629e-01,1.440223809906777896e+00
1.320000000000000000e+02,-4.298760239766618696e+00,2.389324364851542759e-01,1.449519167450231016e+00
1.325000000000000000e+02,-4.400156652191858697e+00,2.422142470696319327e-01,1.458746829006315915e+00
1.330000000000000000e+02,-4.495837551394727072e+00,2.454863739891731678e-01,1.467909757657151149e+00
1.335000000000000000e+02,-4.585719005300242124e+00,2.487488658241102102e-01,1.477010919395746802e+00
1.340000000000000000e+02,-4.669716457240470575e+00,2.520017874264948721e-01,1.486053283268172764e+00
1.345000000000000000e+02,-4.747744809539301336e+00,2.552452167246161419e-01,1.495039821491463972e+00
1.350000000000000000e+02,-4.819718512230071639e+00,2.584792419472428660e-01,1.503973509523552465e+00
1.355000000000000000e+02,-4.885551657218717203e+00,2.617039591944828603e-01,1.512857326105384370e+00
1.360000000000000000e+02,-4.945158078205093233e+00,2.649194702774275156e-01,1.521694253285388765e+00
1.365000000000000000e+02,-4.998451456557888584e+00,2.681258807996547699e-01,1.530487276391067963e+00
1.370000000000000000e+02,-5.045345433924786960e+00,2.713232984025610306e-01,1.539239383977731856e+00
1.375000000000000000e+02,-5.085753731200070682e+00,2.745118312043718922e-01,1.547953567752516468e+00
1.380000000000000000e+02,-5.119590274813709208e+00,2.776915863591831735e-01,1.556632822455652043e+00
1.385000000000000000e+02,-5.146769330394043607e+00,2.808626687319688009e-01,1.565280145708666248e+00
1.390000000000000000e+02,-5.167205644168833878e+00,2.840251796487101021e-01,1.573898537830509481e+00
1.395000000000000000e+02,-5.180814592599722879e+00,2.871792157495011710e-01,1.582491001614619419e+00
1.400000000000000000e+02,-5.187512340380384224e+00,2.903248679100868812e-01,1.591060542064816064e+00
1.405000000000000000e+02,-5.187216007540934370e+00,2.934622201783428364e-01,1.599610166088588636e+00
1.410000000000000000e+02,-5.179843845424103144e+00,2.965913488091957428e-01,1.608142882156087028e+00
1.415000000000000000e+02,-5.165315422562345660e+00,2.997123213018567656e-01,1.616661699906377869e+00
1.420000000000000000e+02,-5.143551820508002415e+00,3.028251954776676191e-01,1.625169629707961416e+00
1.425000000000000000e+02,-5.114475839837980153e+00,3.059300185991220555e-01,1.633669682171530413e+00
1.430000000000000000e+02,-5.078012216893133868e+00,3.090268264904262319e-01,1.642164867609853918e+00
1.435000000000000000e+02,-5.034087851617123910e+00,3.121156426902855774e-01,1.650658195446032206e+00
1.440000000000000000e+02,-4.982632046729239761e+00,3.151964776105628530e-01,1.659152673560204239e+00
1.445000000000000000e+02,-4.923576758543861231e+00,3.182693277296083645e-01,1.667651307587529885e+00
1.450000000000000000e+02,-4.856856859866457654e+00,3.213341747649640645e-01,1.676157100145759582e+00
1.455000000000000000e+02,-4.782410415383006708e+00,3.243909848883874680e-01,1.684673050002706507e+00
1.460000000000000000e+02,-4.700178969347425628e+00,3.274397079324473658e-01,1.693202151177585657e+00
1.465000000000000000e+02,-4.610107846153249866e+00,3.304802766035790929e-01,1.701747391974571144e+00
1.470000000000000000e+02,-4.512146464323693706e+00,3.335126057231386776e-01,1.710311753946857971e+00
1.475000000000000000e+02,-4.406248663451090231e+00,3.365365914515075496e-01,1.718898210784139957e+00
1.480000000000000000e+02,-4.292373044658938319e+00,3.395521105501189130e-01,1.727509727123498484e+00
1.485000000000000000e+02,-4.170483324755901222e+00,3.425590196270800192e-01,1.736149257287897596e+00
1.490000000000000000e+02,-4.040548703821212229e+00,3.455571544100054515e-01,1.744819743940677403e+00
1.495000000000000000e+02,-3.902544246586261867e+00,3.485463290223054234e-01,1.753524116649029629e+00
1.500000000000000000e+02,-3.756451277456025917e+00,3.515263352806127783e-01,1.762265290378523641e+00
1.505000000000000000e+02,-3.602257789196400051e+00,3.544969420149291506e-01,1.771046163886702995e+00
1.510000000000000000e+02,-3.439958864675138894e+00,3.574578943767590111e-01,1.779869618034987999e+00
1.515000000000000000e+02,-3.269557111916955083e+00,3.604089131936082935e-01,1.788738513998647139e+00
1.520000000000000000e+02,-3.091063112238279231e+00,3.633496943391789080e-01,1.797655691394535626e+00
1.525000000000000000e+02,-2.904495880419478926e+00,3.662799081289710990e-01,1.806623966313877894e+00
1.530000000000000000e+02,-2.709883337096919753e+00,3.691991987306030842e-01,1.815646129240693130e+00
1.535000000000000000e+02,-2.507262792254502326e+00,3.721071836160637081e-01,1.824724942898090951e+00
1.540000000000000000e+02,-2.296681439293571714e+00,3.750034530554561818e-01,1.833863139975733692e+00
1.545000000000000000e+02,-2.078196859121013151e+00,3.778875696159202935e-01,1.843063420761063664e+00
1.550000000000000000e+02,-1.851877532822503447e+00,3.807590677322026385e-01,1.852328450676467231e+00
1.555000000000000000e+02,-1.617803361631195314e+00,3.836174533103167694e-01,1.861660857708467010e+00
1.560000000000000000e+02,-1.376066193774945212e+00,3.864622033638285270e-01,1.871063229736600109e+00
1.565000000000000000e+02,-1.126770355922269262e+00,3.892927657233861694e-01,1.880538111763347953e+00
1.570000000000000000e+02,-8.700331880024345654e-01,3.921085587814215345e-01,1.890088003039571252e+00
1.575000000000000000e+02,-6.059855792761947857e-01,3.949089713040561667e-01,1.899715354095834030e+00
1.580000000000000000e+02,-3.347725040417554587e-01,3.976933623084688563e-01,1.909422563671747675e+00
1.585000000000000000e+02,-5.655355474825602552e-02,4.004610609900274287e-01,1.919211975542394200e+00
1.590000000000000000e+02,2.284965305186510698e-01,4.032113667411449942e-01,1.929085875265831529e+00
1.595000000000000000e+02,5.201873482505039448e-01,4.059435492245860866e-01,1.939046486829983929e+00
1.600000000000000000e+02,8.183123203732447504e-01,4.086568485274908458e-01,1.949095969203320511e+00
1.605000000000000000e+02,1.122648199265383173e+00,4.113504754098079030e-01,1.959236412813418760e+00
1.610000000000000000e+02,1.432954590259132521e+00,4.140236116148640066e-01,1.969469835942814218e+00
1.615000000000000000e+02,1.748973495141962431e+00,4.166754102760789613e-01,1.979798181042880856e+00
1.620000000000000000e+02,2.070428881140040644e+00,4.193049964220263437e-01,1.990223310982268901e+00
1.625000000000000000e+02,2.397026278861924986e+00,4.219114675470714282e-01,2.000747005230630648e+00
1.630000000000000000e+02,2.728452414973706386e+00,4.244938942972380502e-01,2.011370955980391173e+00
1.635000000000000000e+02,3.064374883644149339e+00,4.270513212494464472e-01,2.022096764224255772e+00
1.640000000000000000e+02,3.404441862348645653e+00,4.295827677570617786e-01,2.032925935787186056e+00
1.645000000000000000e+02,3.748281877764104486e+00,4.320872289192381754e-01,2.043859877316900331e+00
1.650000000000000000e+02,4.095503626926719321e+00,4.345636766182782162e-01,2.054899892257429528e+00
1.655000000000000000e+02,4.445695861221618195e+00,4.370110606617350624e-01,2.066047176804599150e+00
1.660000000000000000e+02,4.798427338454498425e+00,4.394283100040248247e-01,2.077302815846476136e+00
1.665000000000000000e+02,5.153246850261597345e+00,4.418143340278704034e-01,2.088667778918240625e+00
1.670000000000000000e+02,5.509683332023147528e+00,4.441680239321041945e-01,2.100142916163058704e+00
1.675000000000000000e+02,5.867246062784191807e+00,4.464882541516157488e-01,2.111728954320385210e+00
1.680000000000000000e+02,6.225424962360929904e+00,4.487738838431115096e-01,2.123426492759183493e+00
1.685000000000000000e+02,6.583690993370972855e+00,4.510237584232798524e-01,2.135235999540860519e+00
1.690000000000000000e+02,6.941496676407889588e+00,4.532367111100109591e-01,2.147157807561874243e+00
1.695000000000000000e+02,7.298276725902987927e+00,4.554115644803714003e-01,2.159192110762176320e+00
1.700000000000000000e+02,7.653448814660230859e+00,4.575471320339158376e-01,2.171338960409514129e+00
1.705000000000000000e+02,8.006414474802646453e+00,4.596422196998247722e-01,2.183598261497464055e+00
1.710000000000000000e+02,8.356560142425671245e+00,4.616956272987624010e-01,2.195969769236675528e+00
1.715000000000000000e+02,8.703258353526413416e+00,4.637061499132587028e-01,2.208453085674474181e+00
1.720000000000000000e+02,9.045869097605393705e+00,4.656725791292435912e-01,2.221047656446458518e+00
1.725000000000000000e+02,9.383741334698914471e+00,4.675937041439924835e-01,2.233752767669237471e+00
1.730000000000000000e+02,9.716214681261527986e+00,4.694683126419354480e-01,2.246567542989430066e+00
1.735000000000000000e+02,1.004262126885899775e+01,4.712951914431308120e-01,2.259490940796708092e+00
1.740000000000000000e+02,1.036228777845961346e+01,4.730731268583024951e-01,2.272521751617981867e+00
1.745000000000000000e+02,1.067453765114462882e+01,4.748009046843851277e-01,2.285658595690302164e+00
1.750000000000000000e+02,1.097869347519871219e+01,4.764773097623584697e-01,2.298899920740767655e+00
1.755000000000000000e+02,1.127407954631052789e+01,4.781011250470200702e-01,2.312243999969528119e+00
1.760000000000000000e+02,1.156002459593293530e+01,4.796711301036817310e-01,2.325688930254806497e+00
1.765000000000000000e+02,1.183586468033805872e+01,4.811860988902731950e-01,2.339232630597805951e+00
1.770000000000000000e+02,1.210094621896809741e+01,4.826447967384406290e-01,2.352872840811502275e+00
1.775000000000000000e+02,1.235462916825964186e+01,4.840459763832307138e-01,2.366607120488858573e+00
1.780000000000000000e+02,1.259629031352367790e+01,4.853883728331076508e-01,2.380432848255457756e+00
1.785000000000000000e+02,1.282532665728158072e+01,4.866706968590652216e-01,2.394347221353877675e+00
1.790000000000000000e+02,1.304115887900511517e+01,4.878916268333488571e-01,2.408347255600342240e+00
1.795000000000000000e+02,1.324323483677910751e+01,4.890497984688231270e-01,2.422429785747921560e+00
1.800000000000000000e+02,1.343103307771862731e+01,4.901437919670960652e-01,2.436591466352650226e+00
1.805000000000000000e+02,1.360406631992096749e+01,4.911721158670284137e-01,2.450828773224833945e+00
1.810000000000000000e+02,1.376188486492866936e+01,4.921331865693510110e-01,2.465138005602445226e+00
1.815000000000000000e+02,1.390407989652714171e+01,4.930253022153485154e-01,2.479515289230461494e+00
1.820000000000000000e+02,1.403028661867809035e+01,4.938466089518112057e-01,2.493956580593350569e+00
1.825000000000000000e+02,1.414018718312309453e+01,4.945950568867756303e-01,2.508457672650995285e+00
1.830000000000000000e+02,1.423351335596717426e+01,4.952683418809405436e-01,2.523014202577982257e+00
1.835000000000000000e+02,1.431004887230458777e+01,4.958638276985428139e-01,2.537621662188962457e+00
1.840000000000000000e+02,1.436963142848327202e+01,4.963784408875492327e-01,2.552275412019818557e+00
1.845000000000000000e+02,1.441215426348029105e+01,4.968085277845906700e-01,2.566970700436159714e+00
1.850000000000000000e+02,1.443756728486013685e+01,4.971496596734283901e-01,2.581702689622306757e+00
1.855000000000000000e+02,1.444587769939941957e+01,4.973963691172909041e-01,2.596466490901025548e+00
1.860000000000000000e+02,1.443715011418068705e+01,4.975418007601264958e-01,2.611257212319925802e+00
1.865000000000000000e+02,1.441150608236076280e+01,4.975772712673266485e-01,2.626070021313716474e+00
1.870000000000000000e+02,1.436912307702956326e+01,4.974917731858097270e-01,2.640900223208804132e+00
1.875000000000000000e+02,1.431023288573366692e+01,4.972715624794924461e-01,2.655743349926944052e+00
1.880000000000000000e+02,1.423511942974229250e+01,4.969002003699390935e-01,2.670595238639881241e+00
1.885000000000000000e+02,1.414411602430099002e+01,4.963598468460324042e-01,2.685452055213929601e+00
1.890000000000000000e+02,1.403760210690528787e+01,4.956352402230476684e-01,2.700310191367305102e+00
1.895000000000000000e+02,1.391599947287228112e+01,4.947225752784599750e-01,2.715165971297598624e+00
1.900000000000000000e+02,1.377976806870502635e+01,4.936469419360116628e-01,2.730015188580266816e+00
1.905000000000000000e+02,1.362940140347607354e+01,4.925039756423709725e-01,2.744852637412759311e+00
1.910000000000000000e+02,1.346542164744552927e+01,4.926558483784395648e-01,2.759671863274604675e+00
1.915000000000000000e+02,1.328837449458080222e+01,4.961109766395889742e-01,2.774465227969990178e+00
1.920000000000000284e+02,1.309882386999635884e+01,5.006053859870392975e-01,2.789224187410118017e+00
1.925000000000000000e+02,1.289734656722709438e+01,5.059685077648266027e-01,2.803939618964967906e+00
1.930000000000000000e+02,1.268452689959750934e+01,5.118710786529254708e-01,2.818602107036840110e+00
1.935000000000000000e+02,1.246095144963624435e+01,5.180290096246790155e-01,2.833202172112155193e+00
1.940000000000000000e+02,1.222720399584771300e+01,5.242731011447572254e-01,2.847730458011136889e+00
1.945000000000000000e+02,1.198386068975601759e+01,5.305092598239896651e-01,2.862177896131264276e+00
1.950000000000000000e+02,1.173148554963565182e+01,5.366830557974925364e-01,2.876535853761907457e+00
1.955000000000000000e+02,1.147062632646539448e+01,5.427622457376943821e-01,2.890796243178486602e+00
1.960000000000000000e+02,1.120181078892645843e+01,5.487288937109174869e-01,2.904951544000000663e+00
1.965000000000000284e+02,1.092554346195484705e+01,5.545748933406700054e-01,2.918994714076717845e+00
1.970000000000000000e+02,1.064230284289680384e+01,5.602983525727533998e-01,2.932919026600863788e+00
1.975000000000000000e+02,1.035253910794314613e+01,5.659005290248669828e-01,2.946717908276669906e+00
1.980000000000000000e+02,1.005667231022342101e+01,5.713836479356907416e-01,2.960384831457365085e+00
1.985000000000000000e+02,9.755091062498925325e+00,5.767496856315225129e-01,2.973913267813515393e+00
1.990000000000000000e+02,9.448151686645944736e+00,5.819998844463547538e-01,2.987296684284942661e+00
1.995000000000000000e+02,9.136177805919441397e+00,5.871346876082963462e-01,3.000528559342445334e+00
2.000000000000000000e+02,8.819460349538749355e+00,5.921538603953863111e-01,3.013602405188061439e+00
2.005000000000000000e+02,8.498257932870615150e+00,5.970566660021158212e-01,3.026511789013766052e+00
2.010000000000000284e+02,8.172797574908608809e+00,6.018420366485456308e-01,3.039250351024040953e+00
2.015000000000000000e+02,7.843275711608214351e+00,6.065087193716973690e-01,3.051811818986939873e+00
2.020000000000000000e+02,7.509859461800121316e+00,6.110553934683237154e-01,3.064190019783964214e+00
2.025000000000000000e+02,7.172688104280112498e+00,6.154807630785386063e-01,3.076378888652333554e+00
2.030000000000000000e+02,6.831874724530726084e+00,6.197836297934222749e-01,3.088372476649106080e+00
2.035000000000000000e+02,6.487507991705390609e+00,6.239629499090043607e-01,3.100164956786476189e+00
2.040000000000000000e+02,6.139654028941959218e+00,6.280178799991800176e-01,3.111750629205682461e+00
2.045000000000000000e+02,5.788358343042788512e+00,6.319478135494354110e-01,3.123123925608953577e+00
2.050000000000000000e+02,5.433647783102037998e+00,6.357524106039762479e-01,3.134279413141689119e+00
2.055000000000000284e+02,5.075532500214263720e+00,6.394316218334639146e-01,3.145211797870970383e+00
2.060000000000000000e+02,4.714007884918913760e+00,6.429857079844314427e-01,3.155915927976693958e+00
2.065000000000000000e+02,4.349056461536667584e+00,6.464152552955442221e-01,3.166386796710682461e+00
2.070000000000000000e+02,3.980649722956824732e+00,6.497211873407326976e-01,3.176619545198407835e+00
2.075000000000000000e+02,3.608749891415174105e+00,6.529047735389179596e-01,3.186609465135801234e+00
2.080000000000000000e+02,3.233311594149843149e+00,6.559676345143905518e-01,3.196352001381865815e+00
2.085000000000000000e+02,2.854283446183721651e+00,6.589117443986847178e-01,3.205842754485442647e+00
2.090000000000000000e+02,2.471609534058411661e+00,6.617394301659189626e-01,3.215077483125153179e+00
2.095000000000000000e+02,2.085230796559326194e+00,6.644533680571907963e-01,3.224052106456444466e+00
2.100000000000000284e+02,1.695086300334491813e+00,6.670565771341898653e-01,3.232762706337177327e+00
2.105000000000000000e+02,1.301114410667621124e+00,6.695524101194005873e-01,3.241205529392983120e+00
2.110000000000000000e+02,9.032538581349832674e-01,6.719445415515499231e-01,3.249376988890817941e+00
2.115000000000000000e+02,5.014447182642863821e-01,6.742807413967309982e-01,3.257270326523268533e+00
2.120000000000000000e+02,9.562921516527513044e-02,6.764732740784641374e-01,3.264889354127000765e+00
2.125000000000000000e+02,-3.142474312364534339e-01,6.785323317333169513e-01,3.272230422240781866e+00
2.130000000000000000e+02,-7.282363258256419059e-01,6.805528503421977016e-01,3.279283892714168758e+00
2.135000000000000000e+02,-1.146384382679893399e+00,6.824922672413442637e-01,3.286050612941236349e+00
2.140000000000000000e+02,-1.568733752560871553e+00,6.843558085270624591e-01,3.292528017619082981e+00
2.145000000000000284e+02,-1.995321402958136314e+00,6.861488787527684208e-01,3.298713711334322785e+00
2.150000000000000000e+02,-2.426178753969065127e+00,6.878770343226777717e-01,3.304605467140259822e+00
2.155000000000000000e+02,-2.861331380137270841e+00,6.895459560245922326e-01,3.310201224609356174e+00
2.160000000000000000e+02,-3.300798772908219991e+00,6.911614209702761080e-01,3.315499087362527408e+00
2.165000000000000000e+02,-3.744594158829744668e+00,6.927292741247449426e-01,3.320497320094267568e+00
2.170000000000000000e+02,-4.192724368833585125e+00,6.942553996268165939e-01,3.325194345126602169e+00
2.175000000000000000e+02,-4.645189753543275124e+00,6.957456921149258733e-01,3.329588738524103864e+00
2.180000000000000000e+02,-5.101984140205054530e+00,6.972060281736469634e-01,3.333679225828791726e+00
2.185000000000000000e+02,-5.563094827528961339e+00,6.986422380950121358e-01,3.337464677441892125e+00
2.190000000000000284e+02,-6.028502613828337964e+00,7.000600780741431661e-01,3.340944103724328595e+00
2.195000000000000000e+02,-6.498181855070611412e+00,7.014652029618692053e-01,3.344116649872786784e+00
2.200000000000000000e+02,-6.972100548983159563e+00,7.028631396803205478e-01,3.346981590607291945e+00
2.205000000000000000e+02,-7.450220442569705170e+00,7.042592614272846774e-01,3.349538324739495199e+00
2.210000000000000000e+02,-7.932497159350410776e+00,7.056587627193654511e-01,3.351786369669837562e+00
2.215000000000000000e+02,-8.418880343707160208e+00,7.070666353942460791e-01,3.353725355860050161e+00
2.220000000000000000e+02,-8.909313820002070727e+00,7.084876456636051145e-01,3.355355021316705155e+00
2.225000000000000000e+02,-9.403735763876779785e+00,7.099263122391348269e-01,3.356675206132507139e+00
2.230000000000000000e+02,-9.902078883648080421e+00,7.113868856648759564e-01,3.357685847127983347e+00
2.235000000000000284e+02,-1.040427060950704963e+01,7.128733289019463237e-01,3.358386972595791775e+00
2.240000000000000000e+02,-1.091023328927105496e+01,7.143892992274478715e-01,3.358778697202047248e+00
2.245000000000000000e+02,-1.141988438878657774e+01,7.159381315356353470e-01,3.358861217053269677e+00
2.250000000000000000e+02,-1.193313669521114306e+01,7.175228230861150358e-01,3.358634804935610063e+00
2.255000000000000000e+02,-1.244989852249688411e+01,7.191460197614611971e-01,3.358099805762712275e+00
2.260000000000000000e+02,-1.297007391749945882e+01,7.208100039059008868e-01,3.357256632222527681e+00
2.265000000000000000e+02,-1.349356286548766803e+01,7.225166837726020308e-01,3.356105760640498925e+00
2.270000000000000000e+02,-1.402026149468905558e+01,7.242675846407031770e-01,3.354647727065414031e+00
2.275000000000000000e+02,-1.455006227846448397e+01,7.260638416326510303e-01,3.352883123571144264e+00
2.280000000000000284e+02,-1.508285423499445876e+01,7.279061942535990370e-01,3.350812594784699616e+00
2.285000000000000000e+02,-1.561852312335680359e+01,7.297949826949280405e-01,3.348436834642843696e+00
2.290000000000000000e+02,-1.615695163557883518e+01,7.317301459044633916e-01,3.345756583361711556e+00
2.295000000000000284e+02,-1.669801958449466284e+01,7.337112214061195514e-01,3.342772624625579780e+00
2.300000000000000000e+02,-1.724160408673019163e+01,7.357373468963690488e-01,3.339485782998417029e+00
2.305000000000000000e+02,-1.778757974072460257e+01,7.378072635972205973e-01,3.335896921529803549e+00
2.309999999999999716e+02,-1.833581879926726543e+01,7.399193213032044802e-01,3.332006939573051163e+00
2.315000000000000000e+02,-1.888619133669333650e+01,7.420714851445165960e-01,3.327816770794923329e+00
2.320000000000000284e+02,-1.943856541028210216e+01,7.442613439904903760e-01,3.323327381362970456e+00
2.325000000000000000e+02,-1.999280721600134925e+01,7.464861204286402652e-01,3.318539768322990469e+00
2.330000000000000000e+02,-2.054878123838937398e+01,7.487426823088396688e-01,3.313454958128189798e+00
2.334999999999999716e+02,-2.110635039458758300e+01,7.510275557390233558e-01,3.308074005325220668e+00
2.340000000000000000e+02,-2.166537617270611449e+01,7.533369394885736092e-01,3.302397991383622777e+00
2.345000000000000284e+02,-2.222571876407956637e+01,7.556667207044700518e-01,3.296428023642697269e+00
2.350000000000000000e+02,-2.239897281354328129e+01,7.484432011793102912e-01,2.941215034883753354e+00
2.355000000000000000e+02,-2.226135412026969718e+01,1.662133167225819719e+00,2.553726039035600248e+00
2.360000000000000284e+02,-2.223572661840698927e+01,2.626199365887055048e+00,2.518237977435602293e+00
2.365000000000000000e+02,-2.225368288445978493e+01,3.560796689624220690e+00,2.518234355750929243e+00
2.370000000000000284e+02,-2.228805470647394316e+01,4.467272603374069284e+00,2.517816151692925608e+00
2.374999999999999716e+02,-2.248521925336494576e+01,5.358376435462485432e+00,2.667537478493489544e+00
2.380000000000000000e+02,-2.267135885296318065e+01,6.640225620335020729e+00,2.923792469623391010e+00
2.385000000000000284e+02,-2.255995491105252881e+01,8.160552446854449471e+00,3.026500938064363933e+00
2.390000000000000000e+02,-2.232676582029120027e+01,9.627899096338877527e+00,3.019421735198895007e+00
2.395000000000000000e+02,-2.211284351591769237e+01,1.105511496791718073e+01,3.012161913131799817e+00
2.399999999999999716e+02,-2.191703886029231185e+01,1.244319199970049894e+01,3.004726514904099144e+00
2.405000000000000000e+02,-2.173823416197996039e+01,1.379321443866812302e+01,2.997124106737964144e+00
2.410000000000000284e+02,-2.157534325090608363e+01,1.510649220918737257e+01,2.989367857959434716e+00
2.415000000000000000e+02,-2.142731145287477190e+01,1.638500630447026651e+01,2.981456349602406242e+00
2.420000000000000000e+02,-2.129311547422281592e+01,1.763395287481604257e+01,2.973016127839462897e+00
2.424999999999999716e+02,-2.117176320703174852e+01,1.885853718068836926e+01,2.963094357009489421e+00
2.430000000000000000e+02,-2.106229346457735829e+01,2.005662469936181935e+01,2.952578222989402423e+00
2.435000000000000284e+02,-2.096377565515885522e+01,2.124917812125811878e+01,2.941741763760600481e+00
2.440000000000000000e+02,-2.087530940306225347e+01,2.242288480686361751e+01,2.930015732482137647e+00
2.445000000000000000e+02,-2.069806151353447277e+01,2.352112697722351342e+01,2.902546018026900043e+00
2.450000000000000284e+02,-2.020979672860586618e+01,2.540334624273204156e+01,2.864398057637381090e+00
2.455000000000000000e+02,-1.951051885811286013e+01,2.770251979993921765e+01,2.841841192679285477e+00
2.460000000000000284e+02,-1.882634494806930192e+01,2.992705430774668685e+01,2.831758697071562469e+00
2.464999999999999716e+02,-1.815884000226738948e+01,3.208871953442167069e+01,2.821506311007035528e+00
2.470000000000000000e+02,-1.750662459764969725e+01,3.418894892038053257e+01,2.810955135253526027e+00
2.475000000000000284e+02,-1.686837377742554978e+01,3.622917113620735563e+01,2.799756298346713912e+00
2.480000000000000000e+02,-1.624281579112432183e+01,3.821127842654097861e+01,2.786170056503800119e+00
2.485000000000000000e+02,-1.562873082675410785e+01,4.013655846160800422e+01,2.759724103704914722e+00
2.489999999999999716e+02,-1.502494974030273589e+01,4.198067791044555008e+01,2.744166573639452711e+00
2.495000000000000000e+02,-1.443035278806576294e+01,4.376154633344017242e+01,2.729507994880248756e+00
2.500000000000000284e+02,-1.384386836615266247e+01,4.548124807681952575e+01,2.714874402034735290e+00
2.505000000000000000e+02,-1.326447176055834021e+01,4.714088913153176463e+01,2.700116059603101082e+00
2.510000000000000000e+02,-1.269118391190369799e+01,4.874138919979621676e+01,2.685176915356819016e+00
2.514999999999999716e+02,-1.212307019735951030e+01,5.028360188014659116e+01,2.670025130274733982e+00
2.520000000000000000e+02,-1.155923923237220308e+01,5.176844617740994181e+01,2.654635819009810938e+00
2.525000000000000284e+02,-1.099884169409351742e+01,5.319701790626969995e+01,2.638984083962317317e+00
2.530000000000000000e+02,-1.044106916868968860e+01,5.456984197529278902e+01,2.623040003761669237e+00
2.535000000000000000e+02,-9.885153023963153984e+00,5.588697896848785263e+01,2.606761793237477143e+00
2.540000000000000284e+02,-9.330363307755778379e+00,5.714865915094201654e+01,2.590080625960818672e+00
2.545000000000000000e+02,-8.776007674191973251e+00,5.835514142794431081e+01,2.572848890998974181e+00
2.550000000000000284e+02,-8.221430337605347916e+00,5.950683102409610115e+01,2.554474920771568236e+00
2.554999999999999716e+02,-7.666011054617919207e+00,6.085136450523152973e+01,2.236986590410364073e+00
2.560000000000000000e+02,-7.109164135427069375e+00,6.196183390955710024e+01,1.297451040367124442e+00
2.565000000000000000e+02,-6.550337483570753960e+00,6.203564806370136608e+01,5.578227344692494594e-01
2.570000000000000000e+02,-5.989011664509642507e+00,6.143235294659948664e+01,-1.697962193792094121e-01
2.575000000000000000e+02,-5.424699002935014391e+00,6.026340369157719579e+01,-1.010486909703825820e+00
2.580000000000000000e+02,-4.856942708138004328e+00,5.794884313216896743e+01,-1.125212304237115379e+00
2.585000000000000000e+02,-4.285316027661655980e+00,5.551238514742496477e+01,-1.107790086825484410e+00
2.590000000000000000e+02,-3.709421244062177880e+00,5.310604196279173550e+01,-1.081005421984889026e+00
2.595000000000000000e+02,-3.128889583950569708e+00,5.073976887516682410e+01,-1.050913131279965329e+00
2.600000000000000000e+02,-2.543379631992394696e+00,4.841721362415736962e+01,-1.019534312836211098e+00
2.605000000000000568e+02,-1.952576528879566675e+00,4.613983285672345858e+01,-9.879683419580299608e-01
2.610000000000000000e+02,-1.356192106426064914e+00,4.390772986147892709e+01,-9.565363593460513014e-01
2.615000000000000000e+02,-7.539635555919378396e-01,4.172066153817014822e+01,-9.253318405958033122e-01
2.620000000000000000e+02,-1.456529109049058690e-01,3.957831066312581925e+01,-8.943890201424579134e-01
2.625000000000000000e+02,4.689535961230982819e-01,3.748034917929634702e+01,-8.637225115606732562e-01
2.630000000000000000e+02,1.090046162409617381e+00,3.542645705556363822e+01,-8.333389295925527351e-01
2.635000000000000000e+02,1.717792018392376052e+00,3.341632916160983058e+01,-8.032410906327325240e-01
2.640000000000000000e+02,2.352336013526549419e+00,3.144967811946673919e+01,-7.734297886568668456e-01
2.645000000000000000e+02,2.993801183621624062e+00,2.952623556162071949e+01,-7.439046405271693141e-01
2.650000000000000000e+02,3.642289300630145554e+00,2.764575267251537127e+01,-7.146645273929468356e-01
2.655000000000000000e+02,4.297881405748174899e+00,2.580800037353132126e+01,-6.857078431548903064e-01
2.660000000000000000e+02,4.960638327560110916e+00,2.401276931511149826e+01,-6.570326434584778941e-01
2.665000000000000000e+02,5.630601185332107406e+00,2.225986975759538566e+01,-6.286367401485229989e-01
2.670000000000000000e+02,6.307791878848027167e+00,2.054913138491886571e+01,-6.005177642869192756e-01
2.675000000000000000e+02,6.870704127243219439e+00,1.910058642322239209e+01,-5.011615954122872196e-01
2.680000000000000000e+02,7.143824748643866407e+00,1.828880621295723685e+01,-3.541587221590970502e-01
2.685000000000000000e+02,7.273663059283871135e+00,1.752076557663674450e+01,-2.791103173424329120e-01
2.690000000000000000e+02,7.435506808721151550e+00,1.660071190507551009e+01,-2.514072423874564310e-01
2.695000000000000568e+02,7.604069056328100373e+00,1.570291088679481106e+01,-2.239912917919945068e-01
2.700000000000000000e+02,7.779216871569871294e+00,1.482734875370676164e+01,-1.968598489925741934e-01
2.705000000000000000e+02,8.017290522283140319e+00,1.389823619966008295e+01,-3.171106422552913418e-01
2.710000000000000000e+02,8.138304587646013388e+00,1.327692427707215295e+01,-4.737031711452534544e-01
2.715000000000000000e+02,8.054970906466852654e+00,1.275171379551451523e+01,-4.848881084522795315e-01
2.720000000000000000e+02,7.946928834230821970e+00,1.223267808934064504e+01,-4.588653749074619315e-01
2.725000000000000000e+02,7.844648670602782481e+00,1.172398681770298978e+01,-4.331361516687193269e-01
2.730000000000000000e+02,7.748003468055356002e+00,1.122565114778010376e+01,-4.076966590072679808e-01
2.735000000000000000e+02,7.656865533820051084e+00,1.073768552130489162e+01,-3.825431148580717977e-01
2.740000000000000000e+02,7.571106518370398497e+00,1.026010759739486744e+01,-3.576717368418589338e-01
2.745000000000000000e+02,7.490597503527286705e+00,9.792938195129517354e+00,-3.330787442374926743e-01
2.750000000000000000e+02,7.415209090381907231e+00,9.336201235788220032e+00,-3.087603599011734534e-01
2.755000000000000000e+02,7.344811486853934035e+00,8.889923684699668982e+00,-2.847128121481064533e-01
2.760000000000000000e+02,7.279274596370068018e+00,8.454135492592005363e+00,-2.609323365951006779e-01
2.765000000000000000e+02,7.218468106711942056e+00,8.028869536443254518e+00,-2.374151779598667744e-01
2.770000000000000000e+02,7.162261579906231468e+00,7.614161559677113722e+00,-2.141575918319382210e-01
2.775000000000000000e+02,7.110524543782284823e+00,7.210050111707573706e+00,-1.911558464120708956e-01
2.780000000000000000e+02,7.063126584676189701e+00,6.816576486723961992e+00,-1.684062242195507875e-01
2.785000000000000568e+02,7.019937442362538249e+00,6.433784661647756309e+00,-1.459050237766782443e-01
2.790000000000000000e+02,6.980827106705839391e+00,6.061721233253429375e+00,-1.236485612761830805e-01
2.795000000000000000e+02,6.945665916826243347e+00,5.700435354294816293e+00,-1.016331722176536112e-01
2.800000000000000000e+02,6.914324662922886056e+00,5.349978668623774247e+00,-7.985521303427702000e-02
2.805000000000000000e+02,6.886674690637610396e+00,5.010405245209213376e+00,-5.831106270568242600e-02
2.810000000000000000e+02,6.862588008401992568e+00,4.681771510968877337e+00,-3.699712434981389242e-02
2.815000000000000000e+02,6.841937398119425140e+00,4.364136182342068793e+00,-1.590982681526017378e-02
2.820000000000000000e+02,6.824596528960785058e+00,4.057560195434086303e+00,4.954373742866460817e-03
2.825000000000000000e+02,6.810440074794781751e+00,3.762106634653837212e+00,2.559899229515442270e-02
2.830000000000000000e+02,6.799343835357223753e+00,3.477840659695820236e+00,4.602751336566769658e-02
2.835000000000000000e+02,6.791184860950743030e+00,3.204829430603186591e+00,6.624338947210303696e-02
2.840000000000000000e+02,6.785841581352422658e+00,2.943142030714008595e+00,8.625003956538790373e-02
2.845000000000000000e+02,6.783193938590607708e+00,2.692849387150884066e+00,1.060508474678778928e-01
2.850000000000000000e+02,6.783123524216216893e+00,2.454024188379326787e+00,1.256491603208053642e-01
2.855000000000000000e+02,6.785513720378107294e+00,2.226740798317083048e+00,1.450482870230528909e-01
2.860000000000000000e+02,6.790249845614406254e+00,2.011075166141090165e+00,1.642514966745487748e-01
2.865000000000000000e+02,6.797219305125322464e+00,1.807104730729116149e+00,1.832620170265100989e-01
2.870000000000000000e+02,6.806311745201750085e+00,1.614908318227406214e+00,2.020830329348576870e-01
2.875000000000000568e+02,6.817419212734612266e+00,1.434566030556221783e+00,2.207176848183255158e-01
2.880000000000000000e+02,6.830436318853941202e+00,1.266159121819965705e+00,2.391690671377527388e-01
2.885000000000000000e+02,6.845260407427239180e+00,1.109769858090999595e+00,2.574402269046873748e-01
2.890000000000000000e+02,6.861791728299861504e+00,9.654813538933888495e-01,2.755341622188224870e-01
2.895000000000000000e+02,6.879933616971014132e+00,8.333773592591087187e-01,2.934538173335856648e-01
2.900000000000000000e+02,6.514306397341995236e+00,5.463009911160100485e-01,5.170978266115121569e-01
2.905000000000000000e+02,5.820358144583827276e+00,2.568465114000567096e-01,8.495122558990418904e-01
2.910000000000000000e+02,5.363940128744863145e+00,1.693376838730852041e-01,9.746309928249444754e-01
2.915000000000000000e+02,5.090485177942821515e+00,1.684963212232810648e-01,9.891742223735345840e-01
2.920000000000000000e+02,4.820362243163900828e+00,1.677000540135422380e-01,1.003531142675422316e+00
2.925000000000000000e+02,4.553587145340796560e+00,1.669646395409208617e-01,1.017704656367144800e+00
2.930000000000000000e+02,4.290178297459141810e+00,1.663007060845641538e-01,1.031697875464221426e+00
2.935000000000000000e+02,4.030156354363875870e+00,1.657205148482158441e-01,1.045513838625161229e+00
2.940000000000000000e+02,3.773544177519720932e+00,1.652378505283240984e-01,1.059155474028489641e+00
2.945000000000000000e+02,3.520366800944131125e+00,1.648677050301060876e-01,1.072625558161554027e+00
2.950000000000000000e+02,3.270651397674374294e+00,1.646256869526823707e-01,1.085926677091495485e+00
2.955000000000000000e+02,3.024427247289845688e+00,1.645271104339540991e-01,1.099061201243687336e+00
2.960000000000000000e+02,2.781725703955482132e+00,1.645857699961670029e-01,1.112031288337937962e+00
2.965000000000000568e+02,2.542580165246830948e+00,1.648124999557680770e-01,1.124838929057511816e+00
2.970000000000000000e+02,2.307026041444108166e+00,1.652137393185082737e-01,1.137486042044405066e+00
2.975000000000000000e+02,2.075100725555804715e+00,1.657904348100263658e-01,1.149974606992363313e+00
2.980000000000000000e+02,1.846843563837331947e+00,1.665376366096551208e-01,1.162306802670232786e+00
2.985000000000000000e+02,1.622295826635364424e+00,1.674449971590135644e-01,1.174485105261619866e+00
2.990000000000000000e+02,1.401500679636030089e+00,1.684980903537334485e-01,1.186512314860818318e+00
2.995000000000000000e+02,1.184503155347599979e+00,1.696801785544438390e-01,1.198391509821654655e+00
3.000000000000000000e+02,9.713501248828108059e-01,1.709739492361340985e-01,1.210125957757914650e+00
3.005000000000000000e+02,7.620902698714622225e-01,1.723628631917511755e-01,1.221719020202578498e+00
3.010000000000000000e+02,5.567740542427397354e-01,1.738319822779190726e-01,1.233174076537014052e+00
3.015000000000000000e+02,3.554536959945095997e-01,1.753683308526625684e-01,1.244494475764506891e+00
3.020000000000000000e+02,1.581831389886684258e-01,1.769609292684976853e-01,1.255683512889886222e+00
3.025000000000000000e+02,-3.498197570947077228e-02,1.786006399216023832e-01,1.266744422204710174e+00
3.030000000000000000e+02,-2.239843388435370508e-01,1.802799309738742084e-01,1.277680380163511265e+00
3.035000000000000000e+02,-4.087650025907547113e-01,1.819926226384862844e-01,1.288494512616246590e+00
3.040000000000000000e+02,-5.892634104471473622e-01,1.837336499664549982e-01,1.299189903292914394e+00
3.045000000000000000e+02,-7.654174281288915749e-01,1.854988562218936599e-01,1.309769601935124594e+00
3.050000000000000000e+02,-9.371633754246809778e-01,1.872848200207966607e-01,1.320236631392107896e+00
3.055000000000000568e+02,-1.104436058816716582e+00,1.890887140318504023e-01,1.330593993550029275e+00
3.060000000000000000e+02,-1.267168805352342664e+00,1.909081910441919605e-01,1.340844674120487579e+00
3.065000000000000000e+02,-1.425293497909628115e+00,1.927412927482985983e-01,1.350991646460316220e+00
3.070000000000000000e+02,-1.578740611987175413e+00,1.945863768905454760e-01,1.361037874605950382e+00
3.075000000000000000e+02,-1.727439253861818846e+00,1.964420591117366777e-01,1.370986315664525668e+00
3.080000000000000000e+02,-1.871317200726512864e+00,1.983071664325548600e-01,1.380839921712651686e+00
3.085000000000000000e+02,-2.010300943003820340e+00,2.001806999292582434e-01,1.390601641304502367e+00
3.090000000000000000e+02,-2.144315728665644905e+00,2.020618046506910126e-01,1.400274420679294973e+00
3.095000000000000000e+02,-2.273285609702508925e+00,2.039497452946605893e-01,1.409861204739044860e+00
3.100000000000000000e+02,-2.397133491732470922e+00,2.058438863948041930e-01,1.419364937839475482e+00
3.105000000000000000e+02,-2.515781186124360858e+00,2.077436761386344255e-01,1.428788564437679431e+00
3.110000000000000000e+02,-2.629149464934967373e+00,2.096486330571316614e-01,1.438135029627704897e+00
3.115000000000000000e+02,-2.737158119598160244e+00,2.115583350016209396e-01,1.447407279582926920e+00
3.120000000000000000e+02,-2.839726022701539065e+00,2.134724100019899096e-01,1.456608261925548709e+00
3.125000000000000000e+02,-2.936771193866767327e+00,2.153905285996662866e-01,1.465740926032195190e+00
3.130000000000000000e+02,-3.028210869329724719e+00,2.173123973970066403e-01,1.474808223286226072e+00
3.135000000000000000e+02,-3.113961575976085250e+00,2.192377535953716761e-01,1.483813107286013233e+00
3.140000000000000000e+02,-3.193939210014705044e+00,2.211663603554709645e-01,1.492758534007132987e+00
3.145000000000000568e+02,-3.268059120301844089e+00,2.230980027973937796e-01,1.501647461931513217e+00
3.150000000000000000e+02,-3.336236197019712080e+00,2.250324845538650698e-01,1.510482852143498755e+00
3.155000000000000000e+02,-3.398384965566035643e+00,2.269696247902971697e-01,1.519267668383526004e+00
3.160000000000000000e+02,-3.454419686436299930e+00,2.289092555892574821e-01,1.528004877075393564e+00
3.165000000000000000e+02,-3.504254461007470400e+00,2.308512196337385858e-01,1.536697447320812371e+00
3.170000000000000000e+02,-3.547803343926682729e+00,2.327953681714646228e-01,1.545348350854288233e+00
3.175000000000000000e+02,-3.584980461948574337e+00,2.347415591901382825e-01,1.553960561976492682e+00
3.180000000000000000e+02,-3.615700140068038859e+00,2.366896557660311540e-01,1.562537057441065080e+00
3.185000000000000000e+02,-3.639877035208968881e+00,2.386395245843223600e-01,1.571080816311425599e+00
3.190000000000000000e+02,-3.657426277221447641e+00,2.405910345639826753e-01,1.579594819782610182e+00
3.195000000000000000e+02,-3.668263618464101761e+00,2.425440556169839168e-01,1.588082050961865832e+00
3.200000000000000000e+02,-3.672305591841335648e+00,2.444984574889211282e-01,1.596545494612060523e+00
3.205000000000000000e+02,-3.669469677451773659e+00,2.464541086675699211e-01,1.604988136848991553e+00
3.210000000000000000e+02,-3.659674478590489777e+00,2.484108753759963484e-01,1.613412964801842042e+00
3.215000000000000000e+02,-3.642839907547952727e+00,2.503686206114471569e-01,1.621822966223800622e+00
3.220000000000000000e+02,-3.618887380997250602e+00,2.523272032301577261e-01,1.630221129058210039e+00
3.225000000000000000e+02,-3.587740026050880715e+00,2.542864770764219351e-01,1.638610440952986913e+00
3.230000000000000000e+02,-3.549322896843800645e+00,2.562462901574785734e-01,1.646993888724016752e+00
3.235000000000000568e+02,-3.503563202007514032e+00,2.582064838279353736e-01,1.655374457769294150e+00
3.240000000000000000e+02,-3.450390543855924363e+00,2.601668920068125890e-01,1.663755131418691136e+00
3.245000000000000000e+02,-3.389737168918186327e+00,2.621273404365914717e-01,1.672138890236122055e+00
3.250000000000000000e+02,-3.321538230704431438e+00,2.640876459359701722e-01,1.680528711251739749e+00
3.255000000000000000e+02,-3.245732064834635722e+00,2.660476156827873417e-01,1.688927567137281205e+00
3.260000000000000000e+02,-3.162260476465499792e+00,2.680070465161363269e-01,1.697338425313278609e+00
3.265000000000000000e+02,-3.071069040888183554e+00,2.699657242453659123e-01,1.705764246988481281e+00
3.270000000000000000e+02,-2.972107417075426472e+00,2.719234229818693893e-01,1.714207986134287820e+00
3.275000000000000000e+02,-2.865329674425580286e+00,2.738799044828579277e-01,1.722672588377975211e+00
3.280000000000000000e+02,-2.750694633094374009e+00,2.758349175061372560e-01,1.731160989828596675e+00
3.285000000000000000e+02,-2.628166217836255480e+00,2.777881971796171690e-01,1.739676115824372093e+00
3.290000000000000000e+02,-2.497713825368328422e+00,2.797394643851650042e-01,1.748220879600648869e+00
3.295000000000000000e+02,-2.359312705478358474e+00,2.816884251634884651e-01,1.756798180868769821e+00
3.300000000000000000e+02,-2.212944355889872927e+00,2.836347701268477906e-01,1.765410904324069552e+00
3.305000000000000000e+02,-2.058596930441420447e+00,2.855781738946855386e-01,1.774061918060163778e+00
3.310000000000000000e+02,-1.896265660723288393e+00,2.875182945436886572e-01,1.782754071898289050e+00
3.315000000000000000e+02,-1.725953290898107895e+00,2.894547730815147379e-01,1.791490195622037485e+00
3.320000000000000000e+02,-1.547670525444786227e+00,2.913872329405234884e-01,1.800273097124807986e+00
3.325000000000000568e+02,-1.361436489018063911e+00,2.933152794936361163e-01,1.809105560466414353e+00
3.330000000000000000e+02,-1.167279198462777723e+00,2.952384996007721973e-01,1.817990343830552469e+00
3.335000000000000000e+02,-9.652360461230125033e-01,2.971564611708595871e-01,1.826930177389408883e+00
3.340000000000000000e+02,-7.553542936254028506e-01,2.990687127688020364e-01,1.835927761066026509e+00
3.345000000000000000e+02,-5.376915754330994224e-01,3.009747832443817050e-01,1.844985762209430114e+00
3.350000000000000000e+02,-3.123164111672787624e-01,3.028741813893358614e-01,1.854106813164067669e+00
3.355000000000000000e+02,-7.930872544554881665e-02,3.047663956406089780e-01,1.863293508741078242e+00
3.360000000000000000e+02,1.612396258700882767e-01,3.066508938255684824e-01,1.872548403593419675e+00
3.365000000000000000e+02,4.092243244357221532e-01,3.085271229280382999e-01,1.881874009492637834e+00
3.370000000000000000e+02,6.645280552307653021e-01,3.103945089034609306e-01,1.891272792511208056e+00
3.375000000000000000e+02,9.270199706305199960e-01,3.122524565508135175e-01,1.900747170104065464e+00
3.380000000000000000e+02,1.196555155169205298e+00,3.141003494136627161e-01,1.910299508098231458e+00
3.385000000000000000e+02,1.472974092921522260e+00,3.159375497148752543e-01,1.919932117589872034e+00
3.390000000000000000e+02,1.756102140420928270e+00,3.177633983671471207e-01,1.929647251752515613e+00
3.395000000000000000e+02,2.045749007264167751e+00,3.195772150070203543e-01,1.939447102560545311e+00
3.400000000000000000e+02,2.341708247359312267e+00,3.213782980558810287e-01,1.949333797421298531e+00
3.405000000000000000e+02,2.643756764478052634e+00,3.231659248590995626e-01,1.959309395736155146e+00
3.410000000000000000e+02,2.951654335121607353e+00,3.249393518261291525e-01,1.969375885388142011e+00
3.415000000000000568e+02,3.265143152582460573e+00,3.266978146134644767e-01,1.979535179152597912e+00
3.420000000000000000e+02,3.583947396175326094e+00,3.284405283336670478e-01,1.989789111051403880e+00
3.425000000000000000e+02,3.907772829884327503e+00,3.301666877483288021e-01,2.000139432653149196e+00
3.430000000000000000e+02,4.236306435285665195e+00,3.318754674826509543e-01,2.010587809317048613e+00
3.435000000000000000e+02,4.569216083657162919e+00,3.335660222015777165e-01,2.021135816401260055e+00
3.440000000000000000e+02,4.906150251964603193e+00,3.352374867263148150e-01,2.031784935449609364e+00
3.445000000000000000e+02,5.246737789368917326e+00,3.368889760831339508e-01,2.042536550345957380e+00
3.450000000000000000e+02,5.590587739022300440e+00,3.385195854053291153e-01,2.053391943460698865e+00
3.455000000000000000e+02,5.937289222070887718e+00,3.401283896572533383e-01,2.064352291812467932e+00
3.460000000000000000e+02,6.286411390495015183e+00,3.417144431227614465e-01,2.075418663243133732e+00
3.465000000000000000e+02,6.637503454883966647e+00,3.432767785149510309e-01,2.086592012629934434e+00
3.470000000000000000e+02,6.990094794701166236e+00,3.448144056418883108e-01,2.097873178149622486e+00
3.475000000000000000e+02,7.343695158569765624e+00,3.463263094490252603e-01,2.109262877622382071e+00
3.480000000000000000e+02,7.697794961926152979e+00,3.478114472151775938e-01,2.120761704961384275e+00
3.485000000000000000e+02,8.051865689297727613e+00,3.492687446732265499e-01,2.132370126744858041e+00
3.490000000000000000e+02,8.405360409894324647e+00,3.506970906508279362e-01,2.144088478968561251e+00
3.495000000000000000e+02,8.757714413860831826e+00,3.520953297643012458e-01,2.155916964009319869e+00
3.500000000000000000e+02,9.108345976851177639e+00,3.534622525241590818e-01,2.167855647859927348e+00
3.505000000000000568e+02,9.456657261482824595e+00,3.547965819447304603e-01,2.179904457719787469e+00
3.510000000000000000e+02,9.802035362485153058e+00,3.560969554250023039e-01,2.192063180031995628e+00
3.515000000000000000e+02,1.014385350239423289e+01,3.573619002583316995e-01,2.204331459097776502e+00
3.520000000000000000e+02,1.048147238546722626e+01,3.585898004341196987e-01,2.216708796455325814e+00
3.525000000000000000e+02,1.081424171504043663e+01,3.597788514965665208e-01,2.229194551271663993e+00
3.530000000000000000e+02,1.114150187943784687e+01,3.609269990431751007e-01,2.241787942071137074e+00
3.535000000000000000e+02,1.146258581080737216e+01,3.620318547473720949e-01,2.254488050291436174e+00
3.540000000000000000e+02,1.177682101922979108e+01,3.630905816990682156e-01,2.267293826280479596e+00
3.545000000000000000e+02,1.208353180375487312e+01,3.640997384824573579e-01,2.280204098601672946e+00
3.550000000000000000e+02,1.238204163908798350e+01,3.650550693367305422e-01,2.293217587720581374e+00
3.555000000000000000e+02,1.267167573584275786e+01,3.659512281064233874e-01,2.306332925283111734e+00
3.560000000000000000e+02,1.295176376896645287e+01,3.667814312138296673e-01,2.319548680060421031e+00
3.565000000000000000e+02,1.322164276606546984e+01,3.675370603478444465e-01,2.332863390557931016e+00
3.570000000000000000e+02,1.348066014583432448e+01,3.682073004405679306e-01,2.346275601385655829e+00
3.575000000000000000e+02,1.372817689156731191e+01,3.687790388753013904e-01,2.359783894118133496e+00
3.580000000000000000e+02,1.396357084243923374e+01,3.692375149386957212e-01,2.373386892553058569e+00
3.585000000000000000e+02,1.418624008160690053e+01,3.695686310996512125e-01,2.387083209757600688e+00
3.590000000000000000e+02,1.439560639519353558e+01,3.697644563658510908e-01,2.400871301905129762e+00
3.595000000000000568e+02,1.459111877350850861e+01,3.698346914537968821e-01,2.414749222154129793e+00
